Taxon,UTMX,UTMY
Ateles belzebuth,370080,9930910
Ateles belzebuth,370085,9930916
Ateles belzebuth,370105,9929864
Ateles belzebuth,370125,9929892
Ateles belzebuth,370129,9930521
Ateles belzebuth,370133,9930906
Ateles belzebuth,370141,9930059
Ateles belzebuth,370155,9930441
Ateles belzebuth,370159,9929920
Ateles belzebuth,370163,9930124
Ateles belzebuth,370163,9929949
Ateles belzebuth,370166,9930644
Ateles belzebuth,370166,9930646
Ateles belzebuth,370172,9929922
Ateles belzebuth,370175,9929854
Ateles belzebuth,370179,9929954
Ateles belzebuth,370180,9930323
Ateles belzebuth,370184,9930456
Ateles belzebuth,370188,9930081
Ateles belzebuth,370189,9930321
Ateles belzebuth,370189,9930011
Ateles belzebuth,370206,9930426
Ateles belzebuth,370208,9930347
Ateles belzebuth,370211,9930352
Ateles belzebuth,370222,9929927
Ateles belzebuth,370228,9930247
Ateles belzebuth,370233,9930313
Ateles belzebuth,370247,9929903
Ateles belzebuth,370248,9929877
Ateles belzebuth,370251,9930277
Ateles belzebuth,370257,9930303
Ateles belzebuth,370262,9929864
Ateles belzebuth,370268,9930304
Ateles belzebuth,370278,9930087
Ateles belzebuth,370283,9930339
Ateles belzebuth,370300,9930345
Ateles belzebuth,370300,9930166
Ateles belzebuth,370300,9929503
Ateles belzebuth,370306,9930250
Ateles belzebuth,370310,9930349
Ateles belzebuth,370315,9930262
Ateles belzebuth,370320,9930234
Ateles belzebuth,370322,9929510
Ateles belzebuth,370323,9930294
Ateles belzebuth,370327,9930303
Ateles belzebuth,370329,9930292
Ateles belzebuth,370330,9930126
Ateles belzebuth,370330,9930218
Ateles belzebuth,370330,9929965
Ateles belzebuth,370335,9929567
Ateles belzebuth,370342,9929571
Ateles belzebuth,370346,9929568
Ateles belzebuth,370349,9930663
Ateles belzebuth,370352,9930262
Ateles belzebuth,370355,9930114
Ateles belzebuth,370355,9930238
Ateles belzebuth,370356,9929561
Ateles belzebuth,370358,9930482
Ateles belzebuth,370362,9929506
Ateles belzebuth,370378,9930169
Ateles belzebuth,370383,9930291
Ateles belzebuth,370384,9930339
Ateles belzebuth,370392,9930258
Ateles belzebuth,370393,9930314
Ateles belzebuth,370403,9930342
Ateles belzebuth,370406,9930293
Ateles belzebuth,370411,9930276
Ateles belzebuth,370415,9930266
Ateles belzebuth,370418,9930250
Ateles belzebuth,370424,9930161
Ateles belzebuth,370425,9930159
Ateles belzebuth,370431,9930306
Ateles belzebuth,370442,9929871
Ateles belzebuth,370444,9930259
Ateles belzebuth,370446,9930210
Ateles belzebuth,370451,9929868
Ateles belzebuth,370457,9930288
Ateles belzebuth,370465,9930220
Ateles belzebuth,370469,9930288
Ateles belzebuth,370485,9930275
Ateles belzebuth,370490,9930142
Ateles belzebuth,370491,9930390
Ateles belzebuth,370492,9930258
Ateles belzebuth,370508,9930310
Ateles belzebuth,370517,9930388
Ateles belzebuth,370518,9930306
Ateles belzebuth,370536,9930320
Ateles belzebuth,370538,9930179
Ateles belzebuth,370540,9930288
Ateles belzebuth,370542,9930288
Ateles belzebuth,370547,9930170
Ateles belzebuth,370548,9929828
Ateles belzebuth,370551,9930543
Ateles belzebuth,370562,9930469
Ateles belzebuth,370585,9929971
Ateles belzebuth,370588,9929973
Ateles belzebuth,370670,9929817
Ateles belzebuth,370672,9929816
Ateles belzebuth,370686,9929824
Ateles belzebuth,370692,9929818
Ateles belzebuth,370703,9929814
Ateles belzebuth,370714,9929516
Ateles belzebuth,370752,9929842
Ateles belzebuth,370753,9930717
Ateles belzebuth,370764,9929831
Ateles belzebuth,370773,9930510
Ateles belzebuth,370794,9930495
Ateles belzebuth,370799,9930504
Ateles belzebuth,370803,9929806
Ateles belzebuth,370806,9929837
Ateles belzebuth,370830,9930520
Ateles belzebuth,370837,9930361
Ateles belzebuth,370866,9929792
Ateles belzebuth,370873,9929823
Ateles belzebuth,370882,9929909
Ateles belzebuth,370887,9930157
Ateles belzebuth,370892,9930393
Ateles belzebuth,370897,9930029
Ateles belzebuth,370903,9930184
Ateles belzebuth,370915,9930182
Ateles belzebuth,370919,9930182
Ateles belzebuth,370920,9930314
Ateles belzebuth,370926,9930309
Ateles belzebuth,370926,9930309
Ateles belzebuth,370931,9929803
Ateles belzebuth,370936,9930359
Ateles belzebuth,370938,9930357
Ateles belzebuth,370943,9930713
Ateles belzebuth,370945,9930392
Ateles belzebuth,370948,9930340
Ateles belzebuth,370951,9930706
Ateles belzebuth,370968,9930207
Ateles belzebuth,370968,9930207
Ateles belzebuth,370974,9930601
Ateles belzebuth,370982,9930013
Ateles belzebuth,371001,9930138
Ateles belzebuth,371001,9930276
Ateles belzebuth,371001,9930138
Ateles belzebuth,371003.55,9929974.60
Ateles belzebuth,371003.55,9929924.60
Ateles belzebuth,371003.55,9929974.60
Ateles belzebuth,371007,9930173
Ateles belzebuth,371007,9930173
Ateles belzebuth,371010,9930176
Ateles belzebuth,371010,9930176
Ateles belzebuth,371015,9930343
Ateles belzebuth,371017,9930183
Ateles belzebuth,371020,9930382
Ateles belzebuth,371021,9930207
Ateles belzebuth,371021,9930387
Ateles belzebuth,371026,9929987
Ateles belzebuth,371031,9930343
Ateles belzebuth,371031,9930343
Ateles belzebuth,371031.00,9930273.00
Ateles belzebuth,371031.00,9930343.00
Ateles belzebuth,371031,9930343
Ateles belzebuth,371033,9930187
Ateles belzebuth,371033,9930187
Ateles belzebuth,371033.6987,9929516
Ateles belzebuth,371041,9929612
Ateles belzebuth,371043,9929615
Ateles belzebuth,371054,9930179
Ateles belzebuth,371054,9930179
Ateles belzebuth,371056,9930788
Ateles belzebuth,371057,9929491
Ateles belzebuth,371058.43,9929452.94
Ateles belzebuth,371065,9929976
Ateles belzebuth,371066,9930317
Ateles belzebuth,371066,9930317
Ateles belzebuth,371068,9930299
Ateles belzebuth,371068,9930299
Ateles belzebuth,371075,9929648
Ateles belzebuth,371077,9929491
Ateles belzebuth,371077,9929491
Ateles belzebuth,371079,9930261
Ateles belzebuth,371079,9930074
Ateles belzebuth,371079,9930261
Ateles belzebuth,371082.71,9929833.17
Ateles belzebuth,371085,9929963
Ateles belzebuth,371087,9929522
Ateles belzebuth,371088,9930270
Ateles belzebuth,371088,9930270
Ateles belzebuth,371093,9929937
Ateles belzebuth,371095,9929989
Ateles belzebuth,371095,9929989
Ateles belzebuth,371101,9930150
Ateles belzebuth,371104,9930147
Ateles belzebuth,371104,9930167
Ateles belzebuth,371105,9930173
Ateles belzebuth,371107,9929892
Ateles belzebuth,371107,9929892
Ateles belzebuth,371107,9929925
Ateles belzebuth,371110,9929660
Ateles belzebuth,371113,9929886
Ateles belzebuth,371117,9930316
Ateles belzebuth,371117,9930316
Ateles belzebuth,371118,9929920
Ateles belzebuth,371121.23,9929802.52
Ateles belzebuth,371121.23,9929852.52
Ateles belzebuth,371124,9929890
Ateles belzebuth,371126,9929851
Ateles belzebuth,371127,9930189
Ateles belzebuth,371127,9929549
Ateles belzebuth,371127,9930189
Ateles belzebuth,371129,9929885
Ateles belzebuth,371129.70,9929850.27
Ateles belzebuth,371130.08,9929474.94
Ateles belzebuth,371130.08,9929474.94
Ateles belzebuth,371133.18,9929455.90
Ateles belzebuth,371133.18,9929455.90
Ateles belzebuth,371135.12,9929723.73
Ateles belzebuth,371136,9930215
Ateles belzebuth,371136,9930215
Ateles belzebuth,371144,9929705
Ateles belzebuth,371145,9929987
Ateles belzebuth,371146,9929952
Ateles belzebuth,371146,9929952
Ateles belzebuth,371147,9930214
Ateles belzebuth,371153,9930398
Ateles belzebuth,371153,9930398
Ateles belzebuth,371154,9930219
Ateles belzebuth,371154,9930219
Ateles belzebuth,371156,9929914
Ateles belzebuth,371156,9929914
Ateles belzebuth,371157,9930498
Ateles belzebuth,371157,9930498
Ateles belzebuth,371160,9929859
Ateles belzebuth,371160.72,9929500.65
Ateles belzebuth,371162,9930376
Ateles belzebuth,371162,9929907
Ateles belzebuth,371162,9930376
Ateles belzebuth,371163,9930407
Ateles belzebuth,371164,9930469
Ateles belzebuth,371165.00,9929780.99
Ateles belzebuth,371170,9929739
Ateles belzebuth,371171,9930069
Ateles belzebuth,371171,9929832
Ateles belzebuth,371173.18,9929455.90
Ateles belzebuth,371174,9930469
Ateles belzebuth,371179,9930203
Ateles belzebuth,371179,9930203
Ateles belzebuth,371182,9930091
Ateles belzebuth,371182,9929508
Ateles belzebuth,371182,9930091
Ateles belzebuth,371182,9929508
Ateles belzebuth,371182.04,9929504.94
Ateles belzebuth,371186,9930714
Ateles belzebuth,371191.19,9929816.52
Ateles belzebuth,371197,9929814
Ateles belzebuth,371201,9929999
Ateles belzebuth,371201,9930871
Ateles belzebuth,371201,9929999
Ateles belzebuth,371201,9930871
Ateles belzebuth,371202,9929808
Ateles belzebuth,371213.00,9929983.00
Ateles belzebuth,371213,9929983
Ateles belzebuth,371215,9930120
Ateles belzebuth,371215,9930120
Ateles belzebuth,371216,9929810
Ateles belzebuth,371226,9930060
Ateles belzebuth,371231,9929828
Ateles belzebuth,371239.899,9929726.015
Ateles belzebuth,371242,9929697
Ateles belzebuth,371245,9930116
Ateles belzebuth,371245,9930116
Ateles belzebuth,371245,9929636
Ateles belzebuth,371245,9930116
Ateles belzebuth,371248,9929833
Ateles belzebuth,371253.13,9929370.23
Ateles belzebuth,371253.29,9930838.59
Ateles belzebuth,371255.55,9930825.78
Ateles belzebuth,371255.55,9930825.78
Ateles belzebuth,371257,9929773
Ateles belzebuth,371257,9929773
Ateles belzebuth,371257.74,9930285.84
Ateles belzebuth,371257.74,9930285.84
Ateles belzebuth,371257.74,9930285.84
Ateles belzebuth,371257.74,9930285.84
Ateles belzebuth,371257.74,9930285.84
Ateles belzebuth,371257.74,9930285.84
Ateles belzebuth,371257.74,9930285.84
Ateles belzebuth,371257.74,9930285.84
Ateles belzebuth,371257.74,9930285.84
Ateles belzebuth,371262,9930347
Ateles belzebuth,371262,9930347
Ateles belzebuth,371262.00,9930347.00
Ateles belzebuth,371262,9930347
Ateles belzebuth,371262,9930347
Ateles belzebuth,371263.12,9930437.31
Ateles belzebuth,371264.90,9930339.87
Ateles belzebuth,371268,9929862
Ateles belzebuth,371270.66,9930220.74
Ateles belzebuth,371271.52,9930274.27
Ateles belzebuth,371274,9929999
Ateles belzebuth,371276,9930250
Ateles belzebuth,371276,9930250
Ateles belzebuth,371282,9929978
Ateles belzebuth,371285,9929462
Ateles belzebuth,371285,9929462
Ateles belzebuth,371286.48,9930415.65
Ateles belzebuth,371286.48,9930445.65
Ateles belzebuth,371286.59,9930445.72
Ateles belzebuth,371289.87,9930257.63
Ateles belzebuth,371292.91,9930092.68
Ateles belzebuth,371293.54,9930064.66
Ateles belzebuth,371293.54,9930064.66
Ateles belzebuth,371293.54,9930064.66
Ateles belzebuth,371293.54,9930064.66
Ateles belzebuth,371294.86,9929884.51
Ateles belzebuth,371294.86,9929884.51
Ateles belzebuth,371294.86,9929884.51
Ateles belzebuth,371296.43,9929395.23
Ateles belzebuth,371301,9929757
Ateles belzebuth,371304,9929796
Ateles belzebuth,371304,9929669
Ateles belzebuth,371304,9929796
Ateles belzebuth,371305.07,9930031.51
Ateles belzebuth,371306.53,9930072.16
Ateles belzebuth,371306.53,9930072.16
Ateles belzebuth,371306.53,9930072.16
Ateles belzebuth,371306.53,9930072.16
Ateles belzebuth,371308,9929765
Ateles belzebuth,371310,9929758
Ateles belzebuth,371313,9930686
Ateles belzebuth,371317,9930066
Ateles belzebuth,371320,9929583
Ateles belzebuth,371320,9929583
Ateles belzebuth,371322.27,9929785.75
Ateles belzebuth,371323,9930320
Ateles belzebuth,371329,9930322
Ateles belzebuth,371333,9929868
Ateles belzebuth,371335,9929867
Ateles belzebuth,371336.83,9930427.21
Ateles belzebuth,371336.83,9930427.21
Ateles belzebuth,371336.83,9930427.21
Ateles belzebuth,371339.96,9930136.34
Ateles belzebuth,371339.96,9930136.34
Ateles belzebuth,371339.96,9930136.34
Ateles belzebuth,371339.96,9930136.34
Ateles belzebuth,371339.96,9930136.34
Ateles belzebuth,371340.66,9930220.74
Ateles belzebuth,371342,9930293
Ateles belzebuth,371344.82,9930003.51
Ateles belzebuth,371346,9930329
Ateles belzebuth,371360.57,9930434.86
Ateles belzebuth,371360.64,9929860.57
Ateles belzebuth,371360.64,9929860.57
Ateles belzebuth,371360.64,9929860.57
Ateles belzebuth,371360.64,9929860.57
Ateles belzebuth,371362.91,9930092.68
Ateles belzebuth,371362.91,9930092.68
Ateles belzebuth,371362.91,9930092.68
Ateles belzebuth,371363.57,9930470.83
Ateles belzebuth,371363.91,9930178.69
Ateles belzebuth,371366.53,9930072.16
Ateles belzebuth,371367,9929749
Ateles belzebuth,371367,9929749
Ateles belzebuth,371368.11,9930175.17
Ateles belzebuth,371374,9929876
Ateles belzebuth,371376,9930323
Ateles belzebuth,371376,9930323
Ateles belzebuth,371377.55,9930150.02
Ateles belzebuth,371377.67,9930387.88
Ateles belzebuth,371378,9930040
Ateles belzebuth,371378.57,9930444.85
Ateles belzebuth,371378.57,9930444.85
Ateles belzebuth,371379.9712,9929442.659
Ateles belzebuth,371380,9929588
Ateles belzebuth,371380,9930045
Ateles belzebuth,371380.60,9929731.72
Ateles belzebuth,371382.25,9930081.88
Ateles belzebuth,371382.25,9930081.88
Ateles belzebuth,371383,9930037
Ateles belzebuth,371383,9930037
Ateles belzebuth,371383.62,9929841.28
Ateles belzebuth,371388,9930190
Ateles belzebuth,371390.27,9930167.86
Ateles belzebuth,371392.00,9930047.00
Ateles belzebuth,371392.00,9930047.00
Ateles belzebuth,371392.00,9930047.00
Ateles belzebuth,371392.00,9930017.00
Ateles belzebuth,371392.00,9930047.00
Ateles belzebuth,371392,9930047
Ateles belzebuth,371393,9930171
Ateles belzebuth,371397,9930376
Ateles belzebuth,371397.60,9929812.70
Ateles belzebuth,371399,9930092
Ateles belzebuth,371399.00,9930092.00
Ateles belzebuth,371399,9930092
Ateles belzebuth,371399.04,9930065.71
Ateles belzebuth,371400,9929601
Ateles belzebuth,371400,9929601
Ateles belzebuth,371400,9929601
Ateles belzebuth,371402.25,9930081.88
Ateles belzebuth,371404.28,9929524.96
Ateles belzebuth,371410.54,9930110.16
Ateles belzebuth,371412,9930146
Ateles belzebuth,371415,9930446
Ateles belzebuth,371415,9930446
Ateles belzebuth,371415.03,9929627.03
Ateles belzebuth,371416,9930306
Ateles belzebuth,371416,9930362
Ateles belzebuth,371416,9930306
Ateles belzebuth,371416,9930362
Ateles belzebuth,371417,9930915
Ateles belzebuth,371417,9930915
Ateles belzebuth,371418,9929896
Ateles belzebuth,371419,9930323
Ateles belzebuth,371419.00,9930323.00
Ateles belzebuth,371419.00,9930323.00
Ateles belzebuth,371419,9930323
Ateles belzebuth,371419,9930134
Ateles belzebuth,371421,9930735
Ateles belzebuth,371421,9930735
Ateles belzebuth,371423.30,9929986.15
Ateles belzebuth,371426,9930117
Ateles belzebuth,371427,9930718
Ateles belzebuth,371427,9930718
Ateles belzebuth,371430,9929481
Ateles belzebuth,371432.44,9929843.62
Ateles belzebuth,371432.44,9929843.62
Ateles belzebuth,371434,9930378
Ateles belzebuth,371434,9930378
Ateles belzebuth,371434.01,9930008.49
Ateles belzebuth,371434.01,9930008.49
Ateles belzebuth,371435.55,9929570.64
Ateles belzebuth,371436,9930129
Ateles belzebuth,371443.30,9929986.15
Ateles belzebuth,371443.30,9929986.15
Ateles belzebuth,371443.30,9929986.15
Ateles belzebuth,371446,9930277
Ateles belzebuth,371446.00,9930277.00
Ateles belzebuth,371446,9930277
Ateles belzebuth,371448,9929899
Ateles belzebuth,371453,9929641
Ateles belzebuth,371453,9929641
Ateles belzebuth,371458.42,9929668.56
Ateles belzebuth,371462,9930260
Ateles belzebuth,371471,9930699
Ateles belzebuth,371471,9930107
Ateles belzebuth,371471,9930699
Ateles belzebuth,371473.58,9929757.59
Ateles belzebuth,371473.58,9929757.59
Ateles belzebuth,371473.94,9929991.86
Ateles belzebuth,371473.94,9930011.86
Ateles belzebuth,371473.94,9930011.86
Ateles belzebuth,371473.94,9930011.86
Ateles belzebuth,371476.25,9929708.95
Ateles belzebuth,371476.25,9929708.95
Ateles belzebuth,371477,9930894
Ateles belzebuth,371477,9930894
Ateles belzebuth,371480.77,9929851.26
Ateles belzebuth,371480.77,9929851.26
Ateles belzebuth,371484,9929657
Ateles belzebuth,371484.50,9929875.75
Ateles belzebuth,371488,9929683
Ateles belzebuth,371488,9929683
Ateles belzebuth,371489.56,9929937.85
Ateles belzebuth,371491.00,9930736.00
Ateles belzebuth,371491,9929884
Ateles belzebuth,371493.86,9929904.40
Ateles belzebuth,371497,9929904
Ateles belzebuth,371501,9929792
Ateles belzebuth,371501,9929936
Ateles belzebuth,371502,9929535
Ateles belzebuth,371502,9929535
Ateles belzebuth,371504,9929481
Ateles belzebuth,371506,9930979
Ateles belzebuth,371506,9930037
Ateles belzebuth,371506,9930979
Ateles belzebuth,371507,9930377
Ateles belzebuth,371510,9929880
Ateles belzebuth,371511,9929990
Ateles belzebuth,371513,9930885
Ateles belzebuth,371513,9930885
Ateles belzebuth,371514,9929892
Ateles belzebuth,371515,9930018
Ateles belzebuth,371515,9930128
Ateles belzebuth,371516,9930372
Ateles belzebuth,371516,9930372
Ateles belzebuth,371518.86,9929861.10
Ateles belzebuth,371518.86,9929881.10
Ateles belzebuth,371518.86,9929861.10
Ateles belzebuth,371518.86,9929861.10
Ateles belzebuth,371518.86,9929861.10
Ateles belzebuth,371521,9930736
Ateles belzebuth,371521.00,9930736.00
Ateles belzebuth,371521.00,9930736.00
Ateles belzebuth,371521.00,9930736.00
Ateles belzebuth,371521,9930736
Ateles belzebuth,371525,9930730
Ateles belzebuth,371529,9930654
Ateles belzebuth,371539,9930062
Ateles belzebuth,371539,9930062
Ateles belzebuth,371541,9930647
Ateles belzebuth,371541,9930647
Ateles belzebuth,371544,9930091
Ateles belzebuth,371544,9930049
Ateles belzebuth,371544,9930091
Ateles belzebuth,371546,9930085
Ateles belzebuth,371551.18,9929856.79
Ateles belzebuth,371555,9930027
Ateles belzebuth,371555,9930027
Ateles belzebuth,371570.14,9930021.68
Ateles belzebuth,371571,9929672
Ateles belzebuth,371571,9929672
Ateles belzebuth,371576,9929896
Ateles belzebuth,371582,9930008
Ateles belzebuth,371583,9930037
Ateles belzebuth,371583,9930037
Ateles belzebuth,371586,9929897
Ateles belzebuth,371593,9929864
Ateles belzebuth,371594,9930038
Ateles belzebuth,371595.86,9930052.32
Ateles belzebuth,371598,9930031
Ateles belzebuth,371606,9930089
Ateles belzebuth,371606,9930089
Ateles belzebuth,371610.74,9929718.44
Ateles belzebuth,371610.74,9929718.44
Ateles belzebuth,371616,9930005
Ateles belzebuth,371616,9930005
Ateles belzebuth,371618,9929885
Ateles belzebuth,371620.64,9929839.45
Ateles belzebuth,371637,9929889
Ateles belzebuth,371639.43,9929981.68
Ateles belzebuth,371658,9929994
Ateles belzebuth,371658.74,9929834.53
Ateles belzebuth,371661,9930037
Ateles belzebuth,371661,9930037
Ateles belzebuth,371665,9930064
Ateles belzebuth,371665,9930064
Ateles belzebuth,371671.60,9929849.85
Ateles belzebuth,371671.60,9929849.85
Ateles belzebuth,371672,9930033
Ateles belzebuth,371677,9930049
Ateles belzebuth,371677,9930049
Ateles belzebuth,371678.60,9929849.85
Ateles belzebuth,371681,9930019
Ateles belzebuth,371684,9930056
Ateles belzebuth,371691.45,9929865.17
Ateles belzebuth,371695,9929890
Ateles belzebuth,371698,9929906
Ateles belzebuth,371700,9930013
Ateles belzebuth,371702,9930062
Ateles belzebuth,371702.00,9930062.00
Ateles belzebuth,371702.00,9930062.00
Ateles belzebuth,371702.00,9930062.00
Ateles belzebuth,371702,9930062
Ateles belzebuth,371712,9930092
Ateles belzebuth,371712,9930092
Ateles belzebuth,371712,9930092
Ateles belzebuth,371712,9930092
Ateles belzebuth,371712,9930092
Ateles belzebuth,371712,9930092
Ateles belzebuth,371728.10,9929642.42
Ateles belzebuth,371730,9930022
Ateles belzebuth,371732,9929876
Ateles belzebuth,371733,9929886
Ateles belzebuth,371734.27,9929650.63
Ateles belzebuth,371737.74,9929630.93
Ateles belzebuth,371737.74,9929630.93
Ateles belzebuth,371738,9930085
Ateles belzebuth,371738,9930029
Ateles belzebuth,371738,9930029
Ateles belzebuth,371738,9930085
Ateles belzebuth,371738,9930029
Ateles belzebuth,371741,9929903
Ateles belzebuth,371741,9929903
Ateles belzebuth,371744,9930069
Ateles belzebuth,371744,9930069
Ateles belzebuth,371745.80,9929651.22
Ateles belzebuth,371748,9929900
Ateles belzebuth,371755,9929666
Ateles belzebuth,371755,9929666
Ateles belzebuth,371772,9929993
Ateles belzebuth,371780,9929651
Ateles belzebuth,371787,9929843
Ateles belzebuth,371793,9929851
Ateles belzebuth,371795,9930032
Ateles belzebuth,371811,9929832
Ateles belzebuth,371821,9929964
Ateles belzebuth,371821,9929964
Ateles belzebuth,371827,9929875
Ateles belzebuth,371827,9929876
Ateles belzebuth,371827,9929875
Ateles belzebuth,371829,9929925
Ateles belzebuth,371829,9929925
Ateles belzebuth,371830,9930018
Ateles belzebuth,371842,9929974
Ateles belzebuth,371842,9929974
Ateles belzebuth,371846,9929800
Ateles belzebuth,371859,9929807
Ateles belzebuth,371869,9929657
Ateles belzebuth,371869,9929657
Ateles belzebuth,371886.82,9929586.86
Ateles belzebuth,371888,9929281
Ateles belzebuth,371890.65,9929590.07
Ateles belzebuth,371900,9929798
Ateles belzebuth,371929,9929783
Ateles belzebuth,371931,9929789
Ateles belzebuth,371933,9929655
Ateles belzebuth,371933,9929655
Ateles belzebuth,371942.03,9929479.15
Ateles belzebuth,371987,9929744
Ateles belzebuth,372027,9929668
Ateles belzebuth,372035,9929651
Ateles belzebuth,372059,9929622
Ateles belzebuth,372068,9929677
Ateles belzebuth,372149,9929365
Ateles belzebuth,372204,9929071
Ateles belzebuth,372205,9929085
Ateles belzebuth,372223,9929245
Ateles belzebuth,372358,9930586
Ateles belzebuth,372581,9928975
Ateles belzebuth,372581,9928975
Ateles belzebuth,372611,9928983
Ateles belzebuth,373015,9929070
Ateles belzebuth,373231,9930547
Ateles belzebuth,371098.092,9929870.807
Ateles belzebuth,371267.2821,9929747.025
Ateles belzebuth,371256.1743,9929651.947
Ateles belzebuth,371296.2437,9929630.951
Ateles belzebuth,371479.8634,9929677.425
Ateles belzebuth,371548.8853,9929581.259
Ateles belzebuth,371535.5415,9929531.507
Ateles belzebuth,371584.5139,9929511.619
Ateles belzebuth,371557.7999,9929530.407
Ateles belzebuth,371556.6727,9929594.527
Ateles belzebuth,371556.667,9929619.954
Ateles belzebuth,371537.7458,9929627.689
Ateles belzebuth,371535.517,9929640.955
Ateles belzebuth,371534.4053,9929635.427
Ateles belzebuth,371524.3901,9929631.002
Ateles belzebuth,371556.6657,9929625.482
Ateles belzebuth,371557.7749,9929642.065
Ateles belzebuth,371523.2755,9929638.741
Ateles belzebuth,371554.434,9929652.014
Ateles belzebuth,371529.9547,9929631.004
Ateles belzebuth,371562.231,9929622.167
Ateles belzebuth,371571.1343,9929622.169
Ateles belzebuth,371521.0546,9929616.63
Ateles belzebuth,371578.9333,9929583.477
Ateles belzebuth,371560.02,9929555.834
Ateles belzebuth,371571.1491,9929555.837
Ateles belzebuth,371571.1504,9929550.309
Ateles belzebuth,371557.7757,9929638.749
Ateles belzebuth,371047.9628,9930086.374
Ateles belzebuth,371148.1194,9930110.718
Ateles belzebuth,371300.5899,9930103.013
Ateles belzebuth,371292.8007,9930097.484
Ateles belzebuth,371285.0271,9930022.306
Ateles belzebuth,371270.5714,9929968.132
Ateles belzebuth,371315.0972,9929926.132
Ateles belzebuth,371443.0764,9929950.482
Ateles belzebuth,371417.4671,9930005.753
Ateles belzebuth,371459.833,9929668.576
Ateles belzebuth,371424.2221,9929658.618
Ateles belzebuth,371393.08,9929572.38
Ateles belzebuth,371396.4101,9929611.074
Ateles belzebuth,371370.8124,9929614.385
Ateles belzebuth,371400.858,9929627.658
Ateles belzebuth,371373.0432,9929592.275
Ateles belzebuth,371390.843,9929622.128
Ateles belzebuth,371400.8622,9929608.864
Ateles belzebuth,371395.2996,9929600.019
Ateles belzebuth,371396.4167,9929581.225
Ateles belzebuth,371384.1738,9929585.644
Ateles belzebuth,371374.1427,9929651.974
Ateles belzebuth,371348.5616,9929581.214
Ateles belzebuth,371242.8417,9929552.447
Ateles belzebuth,371265.1036,9929535.869
Ateles belzebuth,371284.0228,9929536.979
Ateles belzebuth,371261.7609,9929553.557
Ateles belzebuth,371274.0049,9929544.715
Ateles belzebuth,371267.3282,9929541.397
Ateles belzebuth,371273.9992,9929570.142
Ateles belzebuth,371265.0991,9929555.768
Ateles belzebuth,371292.9177,9929574.569
Ateles belzebuth,371350.7865,9929585.637
Ateles belzebuth,371324.0771,9929583.42
Ateles belzebuth,371301.8202,9929577.887
Ateles belzebuth,371326.298,9929605.531
Ateles belzebuth,371295.136,9929607.735
Ateles belzebuth,371270.6357,9929680.694
Ateles belzebuth,371214.979,9929730.431
Ateles belzebuth,371170.4584,9929749.215
Ateles belzebuth,371178.247,9929756.955
Ateles belzebuth,371190.489,9929756.958
Ateles belzebuth,371562.2483,9929544.78
Ateles belzebuth,371556.6731,9929592.316
Ateles belzebuth,371551.1086,9929592.315
Ateles belzebuth,371532.204,9929525.979
Ateles belzebuth,371543.3277,9929550.303
Ateles belzebuth,371526.6162,9929629.897
Ateles belzebuth,371537.7401,9929653.116
Ateles belzebuth,371473.1966,9929629.885
Ateles belzebuth,371518.8206,9929653.112
Ateles belzebuth,371556.6578,9929660.859
Ateles belzebuth,371543.3029,9929660.856
Ateles belzebuth,371532.18,9929633.215
Ateles belzebuth,371537.7413,9929647.588
Ateles belzebuth,371507.6891,9929664.164
Ateles belzebuth,371534.4046,9929638.743
Ateles belzebuth,371493.2126,9929702.855
Ateles belzebuth,371515.4364,9929856.528
Ateles belzebuth,371585.5514,9929848.805
Ateles belzebuth,374078.3958,9930133.474
Ateles belzebuth,374152.9613,9930127.963
Ateles belzebuth,371251.55,9930425.816
Ateles belzebuth,371322.7805,9930407.038
Ateles belzebuth,371339.4761,9930398.198
Ateles belzebuth,371357.2641,9930482.222
Ateles belzebuth,371368.3907,9930493.28
Ateles belzebuth,371376.1794,9930501.02
Ateles belzebuth,371361.7152,9930484.434
Ateles belzebuth,371389.5265,9930536.4
Ateles belzebuth,371472.9794,9930606.067
Ateles belzebuth,371576.487,9930575.135
Ateles belzebuth,371635.4656,9930600.575
Ateles belzebuth,371643.2604,9930580.677
Ateles belzebuth,371632.13,9930586.202
Ateles belzebuth,371634.3551,9930589.519
Ateles belzebuth,371635.4627,9930613.841
Ateles belzebuth,371757.9223,9930434.773
Ateles belzebuth,371818.0438,9930324.233
Ateles belzebuth,371834.7399,9930313.182
Ateles belzebuth,371860.4133,9929968.263
Ateles belzebuth,371827.0236,9929979.311
Ateles belzebuth,371796.9738,9929984.832
Ateles belzebuth,371852.622,9929972.684
Ateles belzebuth,371841.4963,9929957.204
Ateles belzebuth,371847.0579,9929970.471
Ateles belzebuth,371808.1041,9929979.307
Ateles belzebuth,371821.4598,9929975.993
Ateles belzebuth,371840.3878,9929937.304
Ateles belzebuth,371829.2555,9929951.673
Ateles belzebuth,371756.9062,9929998.089
Ateles belzebuth,371707.9362,9930006.923
Ateles belzebuth,371687.9053,9930000.285
Ateles belzebuth,371660.0811,9930006.912
Ateles belzebuth,371663.4235,9929990.33
Ateles belzebuth,371612.2224,9930023.484
Ateles belzebuth,371621.1246,9930027.908
Ateles belzebuth,371613.338,9930011.324
Ateles belzebuth,371598.8711,9930006.898
Ateles belzebuth,371606.664,9929995.845
Ateles belzebuth,371589.9715,9929990.314
Ateles belzebuth,371604.4438,9929970.417
Ateles belzebuth,371598.8761,9929984.788
Ateles belzebuth,371607.7781,9929990.318
Ateles belzebuth,371601.0989,9929998.055
Ateles belzebuth,371526.5382,9929979.244
Ateles belzebuth,371504.277,9929992.506
Ateles belzebuth,371465.3272,9929983.653
Ateles belzebuth,371446.4168,9929942.744
Ateles belzebuth,371435.2835,9929961.535
Ateles belzebuth,371411.9137,9929956.002
Ateles belzebuth,371420.8187,9929948.266
Ateles belzebuth,371456.4231,9929986.967
Ateles belzebuth,371440.8468,9929967.064
Ateles belzebuth,371439.7352,9929961.536
Ateles belzebuth,371451.9769,9929962.645
Ateles belzebuth,371356.2756,9929922.824
Ateles belzebuth,371339.577,9929944.931
Ateles belzebuth,371306.1889,9929948.24
Ateles belzebuth,371285.0394,9929967.029
Ateles belzebuth,371285.038,9929973.663
Ateles belzebuth,371295.0586,9929953.765
Ateles belzebuth,371283.9307,9929948.235
Ateles belzebuth,371287.2712,9929940.497
Ateles belzebuth,371301.7385,9929942.712
Ateles belzebuth,371309.5277,9929948.241
Ateles belzebuth,371322.8818,9929951.561
Ateles belzebuth,371618.906,9929995.848
Ateles belzebuth,371645.6158,9929995.854
Ateles belzebuth,371654.5173,9930003.594
Ateles belzebuth,371640.0475,9930012.435
Ateles belzebuth,371641.16,9930014.647
Ateles belzebuth,371662.3089,9929998.068
Ateles belzebuth,371645.6123,9930011.331
Ateles belzebuth,371656.7414,9930011.333
Ateles belzebuth,371648.9496,9930017.965
Ateles belzebuth,371652.2927,9929998.066
Ateles belzebuth,371665.6617,9929935.054
Ateles belzebuth,371671.2373,9929885.307
Ateles belzebuth,371684.5979,9929859.882
Ateles belzebuth,371654.556,9929830.026
Ateles belzebuth,371648.9873,9929848.819
Ateles belzebuth,371637.8614,9929834.445
Ateles belzebuth,371679.0402,9929828.926
Ateles belzebuth,371635.6476,9929780.273
Ateles belzebuth,371646.7743,9929791.331
Ateles belzebuth,371643.4232,9929846.607
Ateles belzebuth,371465.3284,9929978.125
Ateles belzebuth,371445.2997,9929961.538
Ateles belzebuth,371437.5069,9929972.591
Ateles belzebuth,371450.8611,9929975.911
Ateles belzebuth,371415.2443,9929992.486
Ateles belzebuth,371456.4249,9929979.229
Ateles belzebuth,371428.6004,9929986.961
Ateles belzebuth,371443.0665,9929994.703
Ateles belzebuth,371457.5368,9929983.651
Ateles belzebuth,371459.7663,9929967.068
Ateles belzebuth,371450.8606,9929978.122
Ateles belzebuth,371429.7153,9929978.117
Ateles belzebuth,371437.5057,9929978.119
Ateles belzebuth,371468.6681,9929973.704
Ateles belzebuth,371476.4555,9929986.972
Ateles belzebuth,371500.9395,9929986.977
Ateles belzebuth,371504.2815,9929972.606
Ateles belzebuth,371502.0574,9929964.867
Ateles belzebuth,371526.5389,9929975.928
Ateles belzebuth,371520.9724,9929984.771
Ateles belzebuth,371535.4368,9930000.251
Ateles belzebuth,371556.5875,9929975.934
Ateles belzebuth,371621.1325,9929992.532
Ateles belzebuth,371660.0801,9930011.334
Ateles belzebuth,371741.3164,9930038.99
Ateles belzebuth,371756.8909,9930066.632
Ateles belzebuth,371854.8218,9930089.87
Ateles belzebuth,371895.9908,9930128.572
Ateles belzebuth,371895.991,9930127.467
Ateles belzebuth,371880.4079,9930138.519
Ateles belzebuth,371918.2497,9930125.261
Ateles belzebuth,371902.6628,9930152.895
Ateles belzebuth,371941.6085,9930180.542
Ateles belzebuth,371924.9117,9930194.91
Ateles belzebuth,371912.6717,9930186.063
Ateles belzebuth,371927.1427,9930171.695
Ateles belzebuth,371904.885,9930169.479
Ateles belzebuth,371913.7907,9930158.426
Ateles belzebuth,371880.3919,9930210.378
Ateles belzebuth,371885.9513,9930233.595
Ateles belzebuth,371890.402,9930238.018
Ateles belzebuth,371879.2776,9930217.011
Ateles belzebuth,371830.3059,9930233.583
Ateles belzebuth,371835.87,9930235.795
Ateles belzebuth,371840.3216,9930235.796
Ateles belzebuth,371832.5381,9930204.84
Ateles belzebuth,371845.8893,9930221.426
Ateles belzebuth,371860.3522,9930243.539
Ateles belzebuth,371880.3868,9930233.594
Ateles belzebuth,371858.1306,9930224.745
Ateles belzebuth,371435.2729,9930009.073
Ateles belzebuth,371434.1642,9929990.279
Ateles belzebuth,371557.6947,9930001.362
Ateles belzebuth,371615.5638,9930011.324
Ateles belzebuth,371615.5574,9930040.068
Ateles belzebuth,371609.9869,9930066.599
Ateles belzebuth,371612.2137,9930062.178
Ateles belzebuth,371628.9037,9930078.764
Ateles belzebuth,371645.5998,9930067.713
Ateles belzebuth,371628.9098,9930051.126
Ateles belzebuth,371612.215,9930056.65
Ateles belzebuth,371623.3441,9930056.653
Ateles belzebuth,371640.0414,9930040.073
Ateles belzebuth,371618.8932,9930053.335
Ateles belzebuth,371634.4756,9930045.6
Ateles belzebuth,371609.9899,9930053.333
Ateles belzebuth,371596.6369,9930044.486
Ateles belzebuth,371621.1182,9930056.652
Ateles belzebuth,371624.4565,9930058.864
Ateles belzebuth,371628.9081,9930058.865
Ateles belzebuth,371628.9089,9930055.548
Ateles belzebuth,371623.3453,9930051.125
Ateles belzebuth,371623.3448,9930053.336
Ateles belzebuth,371635.5856,9930058.866
Ateles belzebuth,371645.6,9930066.607
Ateles belzebuth,371632.2481,9930053.338
Ateles belzebuth,371634.4759,9930044.494
Ateles belzebuth,371641.16,9930014.647
Ateles belzebuth,371630.0255,9930038.966
Ateles belzebuth,371628.9187,9930011.327
Ateles belzebuth,371641.1582,9930022.385
Ateles belzebuth,371640.0441,9930027.913
Ateles belzebuth,371643.3826,9930029.019
Ateles belzebuth,371654.5117,9930029.021
Ateles belzebuth,371671.2048,9930031.236
Ateles belzebuth,371640.047,9930014.646
Ateles belzebuth,371651.1791,9930001.382
Ateles belzebuth,371635.5922,9930029.017
Ateles belzebuth,371643.3841,9930022.386
Ateles belzebuth,371645.6099,9930022.386
Ateles belzebuth,371640.0463,9930017.963
Ateles belzebuth,371648.9498,9930016.859
Ateles belzebuth,371623.3492,9930033.437
Ateles belzebuth,371651.1774,9930009.121
Ateles belzebuth,371678.9994,9930012.444
Ateles belzebuth,371643.3858,9930014.647
Ateles belzebuth,371673.4385,9929995.86
Ateles belzebuth,371707.9493,9929948.33
Ateles belzebuth,371695.6986,9929987.02
Ateles belzebuth,371674.5477,9930012.443
Ateles belzebuth,371626.6916,9930016.854
Ateles belzebuth,371634.4818,9930017.962
Ateles belzebuth,371651.1791,9930001.382
Ateles belzebuth,371663.4186,9930012.44
Ateles belzebuth,371684.591,9929890.837
Ateles belzebuth,371676.8144,9929828.926
Ateles belzebuth,371676.8105,9929846.614
Ateles belzebuth,371556.6195,9929832.216
Ateles belzebuth,371390.7891,9929863.133
Ateles belzebuth,371298.4052,9929918.389
Ateles belzebuth,371250.5439,9929946.017
Ateles belzebuth,371218.2621,9929979.175
Ateles belzebuth,371178.1857,9930031.126
Ateles belzebuth,371172.6157,9930055.447
Ateles belzebuth,371173.7323,9930038.864
Ateles belzebuth,371167.0435,9930089.717
Ateles belzebuth,371439.7327,9929972.592
Ateles belzebuth,371434.178,9929928.369
Ateles belzebuth,371429.7298,9929912.891
Ateles belzebuth,371420.8384,9929859.824
Ateles belzebuth,371426.4029,9929859.825
Ateles belzebuth,371443.1015,9929837.718
Ateles belzebuth,371529.9055,9929851.004
Ateles belzebuth,371265.0108,9929950.442
Ateles belzebuth,371278.3575,9929986.927
Ateles belzebuth,371248.3008,9930023.403
Ateles belzebuth,371203.7913,9929992.438
Ateles belzebuth,371184.8711,9929995.751
Ateles belzebuth,371170.3924,9930044.391
Ateles belzebuth,371173.7291,9930053.236
Ateles belzebuth,371178.1746,9930080.875
Ateles belzebuth,371175.952,9930066.503
Ateles belzebuth,371170.3916,9930047.707
Ateles belzebuth,371175.9648,9930009.015
Ateles belzebuth,371159.2717,9930006.8
Ateles belzebuth,371122.5562,9929959.254
Ateles belzebuth,371140.3665,9929942.676
Ateles belzebuth,371111.4251,9929968.096
Ateles belzebuth,371140.3596,9929973.63
Ateles belzebuth,371084.7202,9929945.98
Ateles belzebuth,371089.1907,9929861.96
Ateles belzebuth,371072.5029,9929835.424
Ateles belzebuth,371075.8444,9929823.264
Ateles belzebuth,371079.1861,9929809.998
Ateles belzebuth,371120.3655,9929802.269
Ateles belzebuth,371938.282,9930125.265
Ateles belzebuth,371908.2323,9930130.786
Ateles belzebuth,371891.5406,9930121.938
Ateles belzebuth,371888.2085,9930092.088
Ateles belzebuth,371838.1259,9930099.816
Ateles belzebuth,371845.9187,9930088.762
Ateles belzebuth,371834.7884,9930094.288
Ateles belzebuth,371843.688,9930110.872
Ateles belzebuth,371826.9993,9930088.758
Ateles belzebuth,371829.2251,9930088.759
Ateles belzebuth,371830.3336,9930108.658
Ateles belzebuth,371832.5611,9930100.92
Ateles belzebuth,371824.7703,9930103.129
Ateles belzebuth,371832.5624,9930095.393
Ateles belzebuth,371832.5587,9930111.975
Ateles belzebuth,371823.6615,9930084.335
Ateles belzebuth,371813.6485,9930069.961
Ateles belzebuth,371808.0816,9930081.015
Ateles belzebuth,371819.2082,9930092.073
Ateles belzebuth,371829.2256,9930086.548
Ateles belzebuth,371835.906,9930073.283
Ateles belzebuth,371834.7872,9930099.815
Ateles belzebuth,371840.3547,9930086.55
Ateles belzebuth,371849.256,9930095.396
Ateles belzebuth,371818.0953,9930092.073
Ateles belzebuth,371841.4683,9930083.234
Ateles belzebuth,371845.9261,9930055.597
Ateles belzebuth,371838.135,9930058.911
Ateles belzebuth,371847.0353,9930072.18
Ateles belzebuth,371847.0395,9930053.386
Ateles belzebuth,371843.7013,9930051.174
Ateles belzebuth,371843.7027,9930044.541
Ateles belzebuth,371835.9121,9930045.645
Ateles belzebuth,371849.2653,9930053.386
Ateles belzebuth,371871.5254,9930044.547
Ateles belzebuth,371840.364,9930044.54
Ateles belzebuth,371840.362,9930053.384
Ateles belzebuth,371841.4742,9930056.701
Ateles belzebuth,371845.9283,9930045.647
Ateles belzebuth,371851.4928,9930045.648
Ateles belzebuth,371845.9285,9930044.541
Ateles belzebuth,371838.1387,9930042.328
Ateles belzebuth,371858.1705,9930044.544
Ateles belzebuth,371706.8652,9929818.983
Ateles belzebuth,371721.3349,9929810.142
Ateles belzebuth,371735.8047,9929801.301
Ateles belzebuth,371741.3715,9929791.352
Ateles belzebuth,371730.2394,9929804.616
Ateles belzebuth,371743.6037,9929762.609
Ateles belzebuth,371745.8271,9929773.665
Ateles belzebuth,371768.0889,9929757.087
Ateles belzebuth,371763.6383,9929752.664
Ateles belzebuth,371758.0732,9929754.874
Ateles belzebuth,371758.072,9929760.401
Ateles belzebuth,371779.2173,9929760.406
Ateles belzebuth,371289.4305,9930238.99
Ateles belzebuth,371326.1482,9930276.587
Ateles belzebuth,371333.9373,9930282.116
Ateles belzebuth,371372.8885,9930285.441
Ateles belzebuth,371339.5041,9930272.167
Ateles belzebuth,371311.6838,9930261.106
Ateles belzebuth,371292.7663,9930252.258
Ateles belzebuth,371270.5007,9930285.418
Ateles belzebuth,371229.3247,9930277.671
Ateles belzebuth,371212.6249,9930305.305
Ateles belzebuth,371179.2304,9930337.358
Ateles belzebuth,371131.3593,9930409.207
Ateles belzebuth,371094.6197,9930470.003
Ateles belzebuth,371031.1859,9930460.039
Ateles belzebuth,370981.1031,9930467.766
Ateles belzebuth,370984.4463,9930447.868
Ateles belzebuth,370983.3393,9930421.335
Ateles belzebuth,370997.8115,9930401.438
Ateles belzebuth,370925.4723,9930401.422
Ateles belzebuth,370939.9241,9930473.285
Ateles belzebuth,370942.1372,9930530.773
Ateles belzebuth,370984.4193,9930569.476
Ateles belzebuth,370975.5059,9930614.801
Ateles belzebuth,370956.5773,9930655.701
Ateles belzebuth,370978.8209,9930722.038
Ateles belzebuth,370964.3474,9930747.462
Ateles belzebuth,371011.0937,9930729.784
Ateles belzebuth,371045.6035,9930686.676
Ateles belzebuth,371044.4925,9930677.831
Ateles belzebuth,371070.0927,9930663.465
Ateles belzebuth,371081.2169,9930685.578
Ateles belzebuth,371036.6997,9930688.885
Ateles belzebuth,371051.1693,9930681.149
Ateles belzebuth,371067.8669,9930663.464
Ateles belzebuth,371116.8294,9930688.902
Ateles belzebuth,371161.3625,9930613.736
Ateles belzebuth,371164.7108,9930570.621
Ateles belzebuth,371283.8205,9930443.512
Ateles belzebuth,371306.0807,9930434.673
Ateles belzebuth,371301.6347,9930409.245
Ateles belzebuth,371278.2611,9930420.295
Ateles belzebuth,371212.6023,9930407.014
Ateles belzebuth,371234.8568,9930423.602
Ateles belzebuth,371233.7476,9930407.018
Ateles belzebuth,371200.3689,9930368.318
Ateles belzebuth,371184.8016,9930307.51
Ateles belzebuth,371273.8411,9930277.681
Ateles belzebuth,371312.8142,9930182.614
Ateles belzebuth,371413.0056,9930049.973
Ateles belzebuth,371435.2823,9929967.063
Ateles belzebuth,371424.1554,9929957.111
Ateles belzebuth,371635.5971,9930006.907
Ateles belzebuth,371628.9187,9930011.327
Ateles belzebuth,371621.1305,9930001.376
Ateles belzebuth,371646.727,9930003.592
Ateles belzebuth,371645.6165,9929992.537
Ateles belzebuth,371641.1649,9929992.536
Ateles belzebuth,371643.3902,9929994.748
Ateles belzebuth,371643.3902,9929994.748
Ateles belzebuth,371643.3858,9930014.647
Ateles belzebuth,371632.2596,9930001.378
Ateles belzebuth,371307.1833,9930481.105
Ateles belzebuth,371328.3242,9930501.009
Ateles belzebuth,371322.7494,9930547.44
Ateles belzebuth,371351.677,9930583.929
Ateles belzebuth,371370.597,9930581.722
Ateles belzebuth,371334.99,9930554.076
Ateles belzebuth,371376.1554,9930609.362
Ateles belzebuth,371381.722,9930600.519
Ateles belzebuth,371357.2342,9930617.096
Ateles belzebuth,371376.1452,9930655.794
Ateles belzebuth,371362.7922,9930646.947
Ateles belzebuth,371367.2353,9930685.641
Ateles belzebuth,371385.0404,9930692.278
Ateles belzebuth,371356.105,9930691.166
Ateles belzebuth,371357.2191,9930685.639
Ateles belzebuth,371368.3455,9930697.802
Ateles belzebuth,371365.0149,9930661.319
Ateles belzebuth,371359.4491,9930666.846
Ateles belzebuth,371359.4479,9930672.373
Ateles belzebuth,371651.1766,9930012.438
Ateles belzebuth,371632.2596,9930001.378
Ateles belzebuth,371630.0267,9930033.438
Ateles belzebuth,371621.1239,9930031.225
Ateles belzebuth,371643.385,9930017.964
Ateles belzebuth,371632.2518,9930036.755
Ateles belzebuth,371679.0161,9929937.268
Ateles belzebuth,371729.129,9929793.561
Ateles belzebuth,371955.0769,9929669.792
Ateles belzebuth,372014.0822,9929574.73
Ateles belzebuth,370769.7571,9929986.814
Ateles belzebuth,370769.7546,9929997.869
Ateles belzebuth,371437.5165,9929929.476
Ateles belzebuth,371423.0585,9929885.251
Ateles belzebuth,371413.0414,9929889.671
Ateles belzebuth,371463.1245,9929879.732
Ateles belzebuth,371424.1717,9929884.146
Ateles belzebuth,371431.9608,9929889.675
Ateles belzebuth,371420.8327,9929885.251
Ateles belzebuth,371446.4274,9929895.206
Ateles belzebuth,371437.5239,9929896.31
Ateles belzebuth,371473.1464,9929854.308
Ateles belzebuth,371504.3148,9929823.36
Ateles belzebuth,371489.8561,9929782.452
Ateles belzebuth,371532.1466,9929782.461
Ateles belzebuth,371539.9375,9929780.252
Ateles belzebuth,371463.1487,9929771.391
Ateles belzebuth,371487.6248,9929806.773
Ateles belzebuth,371626.7291,9929848.814
Ateles belzebuth,371640.098,9929785.802
Ateles belzebuth,371640.0946,9929801.28
Ateles belzebuth,371641.2097,9929791.33
Ateles belzebuth,371684.6008,9929846.616
Ateles belzebuth,371836.0245,9929541.524
Ateles belzebuth,371829.3455,9929548.156
Ateles belzebuth,371847.1466,9929572.482
Ateles belzebuth,371815.9783,9929603.429
Ateles belzebuth,371802.6224,9929607.849
Ateles belzebuth,371738.0624,9929658.688
Ateles belzebuth,371754.7427,9929718.391
Ateles belzebuth,371754.7377,9929740.501
Ateles belzebuth,371740.2613,9929779.191
Ateles belzebuth,371743.5956,9929799.092
Ateles belzebuth,371715.7729,9929799.085
Ateles belzebuth,371729.1302,9929788.033
Ateles belzebuth,371726.8983,9929815.671
Ateles belzebuth,371726.9,9929807.932
Ateles belzebuth,371735.8045,9929802.406
Ateles belzebuth,371735.806,9929795.773
Ateles belzebuth,371745.8226,9929793.564
Ateles belzebuth,371735.8072,9929790.246
Ateles belzebuth,371696.8478,9929824.508
Ateles belzebuth,371687.928,9929898.577
Ateles belzebuth,371687.9285,9929896.366
Ateles belzebuth,371715.7536,9929885.316
Ateles belzebuth,371663.4501,9929870.933
Ateles belzebuth,371624.5114,9929812.331
Ateles belzebuth,371634.5325,9929790.223
Ateles belzebuth,371610.0557,9929758.157
Ateles belzebuth,371541.0516,9929774.725
Ateles belzebuth,371502.1067,9929743.761
Ateles belzebuth,371437.4992,9930006.862
Ateles belzebuth,371426.366,9930025.654
Ateles belzebuth,371439.7352,9929961.536
Ateles belzebuth,371446.4124,9929962.643
Ateles belzebuth,371445.3022,9929950.482
Ateles belzebuth,371428.6061,9929961.534
Ateles belzebuth,371381.8661,9929951.574
Ateles belzebuth,371372.9561,9929981.421
Ateles belzebuth,371368.5003,9930000.214
Ateles belzebuth,371351.8079,9929994.683
Ateles belzebuth,371362.9375,9929992.474
Ateles belzebuth,371354.0335,9929995.789
Ateles belzebuth,371362.9358,9930000.213
Ateles belzebuth,371357.3692,9930009.056
Ateles belzebuth,371350.6918,9930009.054
Ateles belzebuth,371356.2576,9930003.528
Ateles belzebuth,371350.6898,9930017.898
Ateles belzebuth,371348.4679,9930000.209
Ateles belzebuth,371362.9355,9930001.318
Ateles belzebuth,371350.69,9930016.793
Ateles belzebuth,371359.5992,9929990.262
Ateles belzebuth,371345.1302,9929995.787
Ateles belzebuth,371350.696,9929990.26
Ateles belzebuth,371354.0325,9930000.211
Ateles belzebuth,371357.3717,9929998
Ateles belzebuth,371346.2419,9930001.315
Ateles belzebuth,371335.1123,9930003.523
Ateles belzebuth,371345.1314,9929990.259
Ateles belzebuth,371333.9976,9930011.262
Ateles belzebuth,371340.678,9929997.997
Ateles belzebuth,371340.678,9929997.997
Ateles belzebuth,371357.3791,9929964.835
Ateles belzebuth,371367.3859,9930006.847
Ateles belzebuth,371354.0391,9929970.361
Ateles belzebuth,371368.4983,9930009.058
Ateles belzebuth,371368.5045,9929981.42
Ateles belzebuth,371398.5486,9930001.326
Ateles belzebuth,371404.1213,9929964.845
Ateles belzebuth,371409.6965,9929917.309
Ateles belzebuth,371401.9098,9929900.724
Ateles belzebuth,371396.349,9929884.14
Ateles belzebuth,371406.3676,9929873.087
Ateles belzebuth,371411.9309,9929878.616
Ateles belzebuth,371385.2208,9929879.715
Ateles belzebuth,371389.672,9929881.927
Ateles belzebuth,371404.1418,9929873.086
Ateles belzebuth,371395.2373,9929878.612
Ateles belzebuth,371385.2208,9929879.715
Ateles belzebuth,371385.2204,9929881.926
Ateles belzebuth,371393.0115,9929878.611
Ateles belzebuth,371390.7832,9929889.666
Ateles belzebuth,371411.9322,9929873.088
Ateles belzebuth,371395.2365,9929881.928
Ateles belzebuth,371395.2341,9929892.984
Ateles belzebuth,371393.0107,9929881.928
Ateles belzebuth,371395.2365,9929881.928
Ateles belzebuth,371387.4457,9929884.138
Ateles belzebuth,371384.1074,9929881.926
Ateles belzebuth,371401.9091,9929904.04
Ateles belzebuth,371078.069,9929828.792
Ateles belzebuth,371078.0707,9929821.053
Ateles belzebuth,371072.5054,9929824.369
Ateles belzebuth,371098.0977,9929845.379
Ateles belzebuth,371111.4523,9929846.488
Ateles belzebuth,371101.4332,9929859.752
Ateles belzebuth,371100.3195,9929863.068
Ateles belzebuth,371094.7577,9929850.906
Ateles belzebuth,371105.8856,9929856.437
Ateles belzebuth,371100.3178,9929870.807
Ateles belzebuth,371089.1887,9929870.805
Ateles belzebuth,371079.172,9929873.013
Ateles belzebuth,371079.17,9929881.858
Ateles belzebuth,371086.9641,9929865.277
Ateles belzebuth,371101.4337,9929857.541
Ateles belzebuth,371086.9584,9929890.704
Ateles belzebuth,371073.605,9929884.068
Ateles belzebuth,371100.3067,9929920.556
Ateles belzebuth,371086.9485,9929934.925
Ateles belzebuth,371092.52,9929903.971
Ateles belzebuth,371112.5554,9929890.709
Ateles belzebuth,371100.3148,9929884.074
Ateles belzebuth,371105.8742,9929907.291
Ateles belzebuth,371090.2966,9929892.915
Ateles belzebuth,371086.9562,9929900.653
Ateles belzebuth,371095.8605,9929896.233
Ateles belzebuth,371094.7466,9929900.655
Ateles belzebuth,371072.4871,9929906.178
Ateles belzebuth,371094.7453,9929906.183
Ateles belzebuth,371083.6167,9929903.969
Ateles belzebuth,371072.4871,9929906.178
Ateles belzebuth,370986.7828,9929951.485
Ateles belzebuth,371045.7587,9929989.087
Ateles belzebuth,371042.4163,9930005.669
Ateles belzebuth,371056.8858,9929997.933
Ateles belzebuth,371053.5483,9929992.405
Ateles belzebuth,371068.0162,9929992.408
Ateles belzebuth,371042.4185,9929995.719
Ateles belzebuth,371044.6433,9930000.142
Ateles belzebuth,371064.6663,9930042.156
Ateles belzebuth,371034.6004,9930119.537
Ateles belzebuth,370958.9143,9930156.002
Ateles belzebuth,370894.3681,9930143.827
Ateles belzebuth,371181.4904,9930183.69
Ateles belzebuth,371179.2585,9930211.328
Ateles belzebuth,371167.0147,9930219.064
Ateles belzebuth,371198.175,9930224.598
Ateles belzebuth,371183.7096,9930213.54
Ateles belzebuth,371162.5737,9930171.525
Ateles belzebuth,371194.8505,9930160.477
Ateles belzebuth,371178.1652,9930122.885
Ateles belzebuth,371175.9434,9930105.196
Ateles belzebuth,371192.6388,9930097.461
Ateles belzebuth,371190.4134,9930095.25
Ateles belzebuth,371153.6815,9930121.774
Ateles belzebuth,371172.6014,9930119.567
Ateles belzebuth,371170.38,9930099.667
Ateles belzebuth,371190.4319,9930012.335
Ateles belzebuth,371189.3193,9930011.229
Ateles belzebuth,371161.499,9930000.168
Ateles belzebuth,371183.7564,9930003.489
Ateles belzebuth,370725.2228,9930066.402
Ateles belzebuth,370719.6592,9930061.979
Ateles belzebuth,370738.577,9930069.722
Ateles belzebuth,370833.1775,9930056.476
Ateles belzebuth,370836.5002,9930128.337
Ateles belzebuth,370888.8144,9930095.182
Ateles belzebuth,370962.2617,9930117.309
Ateles belzebuth,370984.5187,9930122.842
Ateles belzebuth,370958.9089,9930180.324
Ateles belzebuth,370953.3426,9930188.061
Ateles belzebuth,370925.5178,9930196.899
Ateles belzebuth,370938.8728,9930196.902
Ateles belzebuth,370927.7441,9930194.689
Ateles belzebuth,370934.4204,9930200.218
Ateles belzebuth,370955.5701,9930180.323
Ateles belzebuth,370944.441,9930180.321
Ateles belzebuth,370945.5441,9930224.542
Ateles belzebuth,370903.2502,9930238.904
Ateles belzebuth,370931.0253,9930453.383
Ateles belzebuth,370992.2291,9930482.141
Ateles belzebuth,371023.3967,9930454.51
Ateles belzebuth,371034.5266,9930451.195
Ateles belzebuth,371050.1061,9930456.727
Ateles belzebuth,371051.2171,9930465.571
Ateles belzebuth,371053.4444,9930458.938
Ateles belzebuth,371044.5386,9930469.992
Ateles belzebuth,371055.6702,9930458.939
Ateles belzebuth,371051.2173,9930464.465
Ateles belzebuth,371051.219,9930456.727
Ateles belzebuth,371047.8779,9930467.781
Ateles belzebuth,371095.7343,9930462.264
Ateles belzebuth,371123.5554,9930470.009
Ateles belzebuth,370755.2744,9930053.142
Ateles belzebuth,370761.9489,9930066.41
Ateles belzebuth,370756.3831,9930071.937
Ateles belzebuth,370823.1529,9930094.062
Ateles belzebuth,371468.6607,9930006.869
Ateles belzebuth,371418.5748,9930028.969
Ateles belzebuth,371345.1006,9930128.45
Ateles belzebuth,371331.7469,9930122.919
Ateles belzebuth,371368.4779,9930100.817
Ateles belzebuth,371437.4983,9930011.285
Ateles belzebuth,371445.2854,9930025.658
Ateles belzebuth,371489.8035,9930017.929
Ateles belzebuth,371482.0095,9930034.511
Ateles belzebuth,371418.5591,9930099.723
Ateles belzebuth,371418.551,9930136.205
Ateles belzebuth,371423.0107,9930099.724
Ateles belzebuth,371396.2908,9930145.044
Ateles belzebuth,371440.8161,9930105.255
Ateles belzebuth,371461.9586,9930117.421
Ateles belzebuth,371468.6339,9930127.372
Ateles belzebuth,371478.6498,9930128.48
Ateles belzebuth,371457.5021,9930139.53
Ateles belzebuth,371461.9594,9930114.104
Ateles belzebuth,371429.6862,9930108.569
Ateles belzebuth,371476.4309,9930097.524
Ateles belzebuth,371409.6521,9930116.304
Ateles belzebuth,371387.3949,9930111.877
Ateles belzebuth,371400.7501,9930110.774
Ateles belzebuth,371407.4448,9930033.388
Ateles belzebuth,371423.0267,9930027.864
Ateles belzebuth,371423.0272,9930025.653
Ateles belzebuth,371434.1581,9930017.917
Ateles belzebuth,371424.1438,9930009.071
Ateles belzebuth,371426.3679,9930016.81
Ateles belzebuth,371420.8076,9929998.015
Ateles belzebuth,371350.6664,9930122.924
Ateles belzebuth,371379.5959,9930150.568
Ateles belzebuth,371281.7304,9929834.365
Ateles belzebuth,371356.2867,9929873.075
Ateles belzebuth,371437.5177,9929923.948
Ateles belzebuth,371451.9821,9929939.429
Ateles belzebuth,371461.9958,9929950.486
Ateles belzebuth,371478.6855,9929968.178
Ateles belzebuth,371470.8939,9929973.704
Ateles belzebuth,371482.025,9929964.862
Ateles belzebuth,371468.6676,9929975.915
Ateles belzebuth,371473.1237,9929956.016
Ateles belzebuth,371476.4526,9930000.238
Ateles belzebuth,371476.4572,9929979.233
Ateles belzebuth,371478.6801,9929992.5
Ateles belzebuth,371479.7947,9929984.761
Ateles belzebuth,371454.1944,9930000.233
Ateles belzebuth,371484.2471,9929981.446
Ateles belzebuth,371479.7972,9929973.706
Ateles belzebuth,371459.7668,9929964.857
Ateles belzebuth,371541.0055,9929981.458
Ateles belzebuth,371459.7663,9929967.068
Ateles belzebuth,371489.8159,9929962.653
Ateles belzebuth,371478.685,9929970.389
Ateles belzebuth,371463.1023,9929979.23
Ateles belzebuth,371485.3608,9929978.129
Ateles belzebuth,371461.9926,9929964.858
Ateles belzebuth,371468.6688,9929970.387
Ateles belzebuth,371473.1175,9929983.654
Ateles belzebuth,371468.6693,9929968.176
Ateles belzebuth,371487.5908,9929959.336
Ateles belzebuth,371482.0233,9929972.601
Ateles belzebuth,371512.0731,9929967.08
Ateles belzebuth,371535.4378,9929995.829
Ateles belzebuth,371548.7934,9929992.515
Ateles belzebuth,371490.9209,9929998.03
Ateles belzebuth,371395.1934,9930075.396
Ateles belzebuth,371346.2167,9930114.078
Ateles belzebuth,371345.1001,9930130.661
Ateles belzebuth,371333.9489,9930230.156
Ateles belzebuth,371331.7194,9930246.739
Ateles belzebuth,371303.9064,9930202.511
Ateles belzebuth,371261.5832,9930349.537
Ateles belzebuth,371279.3704,9930436.878
Ateles belzebuth,371231.5108,9930456.767
Ateles belzebuth,371267.1112,9930514.262
Ateles belzebuth,371317.1914,9930517.59
Ateles belzebuth,371303.8309,9930543.014
Ateles belzebuth,371365.029,9930597.198
Ateles belzebuth,371398.4102,9930624.844
Ateles belzebuth,371398.42,9930580.623
Ateles belzebuth,371407.3196,9930597.208
Ateles belzebuth,371407.3209,9930591.68
Ateles belzebuth,371448.5008,9930581.74
Ateles belzebuth,371543.1018,9930565.178
Ateles belzebuth,371574.2604,9930578.451
Ateles belzebuth,371568.7039,9930541.967
Ateles belzebuth,371563.1374,9930550.81
Ateles belzebuth,371554.2349,9930547.492
Ateles belzebuth,371552.0076,9930554.124
Ateles belzebuth,371461.9845,9930001.34
Ateles belzebuth,371457.5393,9929972.596
Ateles belzebuth,371474.2285,9929992.499
Ateles belzebuth,371552.1314,9929995.833
Ateles belzebuth,371573.2757,9930000.26
Ateles belzebuth,371578.837,9930014.633
Ateles belzebuth,371585.512,9930025.689
Ateles belzebuth,371601.091,9930033.432
Ateles belzebuth,371604.4389,9929992.528
Ateles belzebuth,371623.3571,9929998.06
Ateles belzebuth,371630.0353,9929994.745
Ateles belzebuth,371612.2275,9930000.268
Ateles belzebuth,371621.1313,9929998.059
Ateles belzebuth,371643.39,9929995.853
Ateles belzebuth,371626.6963,9929995.849
Ateles belzebuth,371607.7796,9929983.684
Ateles belzebuth,371632.2599,9930000.273
Ateles belzebuth,371651.1781,9930005.805
Ateles belzebuth,371637.8254,9929995.852
Ateles belzebuth,371576.6125,9930009.105
Ateles belzebuth,371621.1318,9929995.848
Ateles belzebuth,371646.7277,9930000.276
Ateles belzebuth,371715.7502,9929900.794
Ateles belzebuth,371691.2662,9929900.788
Ateles belzebuth,371717.9901,9929837.779
Ateles belzebuth,371735.7986,9929828.939
Ateles belzebuth,371752.4885,9929845.526
Ateles belzebuth,371743.5906,9929821.202
Ateles belzebuth,371751.3768,9929839.998
Ateles belzebuth,371719.1079,9929815.669
Ateles belzebuth,371732.4633,9929813.461
Ateles belzebuth,371707.9845,9929790.239
Ateles belzebuth,371712.4275,9929828.934
Ateles belzebuth,371723.5553,9929834.464
Ateles belzebuth,371710.2022,9929826.722
Ateles belzebuth,371719.1104,9929804.614
Ateles belzebuth,371730.237,9929815.671
Ateles belzebuth,371743.5975,9929790.247
Ateles belzebuth,371762.5232,9929762.613
Ateles belzebuth,371749.1781,9929718.389
Ateles belzebuth,371743.6109,9929730.549
Ateles belzebuth,371745.8337,9929743.816
Ateles belzebuth,371746.9479,9929738.288
Ateles belzebuth,371758.0769,9929738.291
Ateles belzebuth,371762.5269,9929746.03
Ateles belzebuth,371730.2523,9929747.129
Ateles belzebuth,371741.3833,9929738.287
Ateles belzebuth,371773.649,9929776.988
Ateles belzebuth,371244.8993,9930305.312
Ateles belzebuth,371229.3217,9930290.937
Ateles belzebuth,371181.4666,9930290.926
Ateles belzebuth,371155.8721,9930279.865
Ateles belzebuth,371178.1229,9930313.036
Ateles belzebuth,371145.8571,9930274.335
Ateles belzebuth,371128.0517,9930268.804
Ateles belzebuth,371133.6156,9930272.122
Ateles belzebuth,371114.7012,9930248.901
Ateles belzebuth,371116.9263,9930252.218
Ateles belzebuth,371139.19,9930227.902
Ateles belzebuth,371142.543,9930163.782
Ateles belzebuth,371131.4121,9930171.518
Ateles belzebuth,371098.0278,9930158.244
Ateles belzebuth,371164.7933,9930199.164
Ateles belzebuth,371148.1132,9930138.356
Ateles belzebuth,371161.4612,9930169.314
Ateles belzebuth,371168.1362,9930180.37
Ateles belzebuth,371189.2956,9930117.36
Ateles belzebuth,371237.1503,9930119.582
Ateles belzebuth,371267.208,9930078.684
Ateles belzebuth,371306.1564,9930094.17
Ateles belzebuth,371415.229,9930061.028
Ateles belzebuth,371428.5819,9930069.876
Ateles belzebuth,371412.9884,9930127.36
Ateles belzebuth,371400.7452,9930132.885
Ateles belzebuth,371356.2297,9930128.453
Ateles belzebuth,371407.4268,9930114.092
Ateles belzebuth,371498.7093,9930006.876
Ateles belzebuth,371578.8363,9930017.949
Ateles belzebuth,371571.0447,9930023.475
Ateles belzebuth,371618.9018,9930014.642
Ateles belzebuth,371604.4303,9930031.221
Ateles belzebuth,371618.9013,9930016.853
Ateles belzebuth,371585.5138,9930017.951
Ateles belzebuth,371606.6598,9930014.639
Ateles belzebuth,371632.2591,9930003.589
Ateles belzebuth,371640.0404,9930044.496
Ateles belzebuth,371606.659,9930017.955
Ateles belzebuth,371628.915,9930027.91
Ateles belzebuth,371615.5581,9930036.751
Ateles belzebuth,371606.6578,9930023.483
Ateles belzebuth,371626.6914,9930017.96
Ateles belzebuth,371602.2089,9930011.321
Ateles belzebuth,371591.0786,9930016.846
Ateles belzebuth,371598.8689,9930016.848
Ateles belzebuth,371598.8689,9930016.848
Ateles belzebuth,371617.7852,9930031.224
Ateles belzebuth,371610.0015,9930001.373
Ateles belzebuth,371618.9067,9929992.531
Ateles belzebuth,371630.0382,9929981.478
Ateles belzebuth,371635.5998,9929994.746
Ateles belzebuth,371637.8279,9929984.797
Ateles belzebuth,371648.9552,9929992.538
Ateles belzebuth,371635.5996,9929995.851
Ateles belzebuth,371667.8727,9930001.386
Ateles belzebuth,371657.8543,9930011.334
Ateles belzebuth,371651.1798,9929998.066
Ateles belzebuth,371637.8242,9930001.379
Ateles belzebuth,371645.616,9929994.748
Ateles belzebuth,371654.5215,9929984.8
Ateles belzebuth,371648.957,9929984.799
Ateles belzebuth,371654.5215,9929984.8
Ateles belzebuth,371652.2964,9929981.483
Ateles belzebuth,371662.3119,9929984.802
Ateles belzebuth,371635.6008,9929990.324
Ateles belzebuth,371663.4213,9930000.28
Ateles belzebuth,371663.4199,9930006.913
Ateles belzebuth,371676.7785,9929990.333
Ateles belzebuth,371657.8573,9929998.067
Ateles belzebuth,371657.8593,9929989.223
Ateles belzebuth,371646.727,9930003.592
Ateles belzebuth,371646.7287,9929995.854
Ateles belzebuth,371656.7436,9930001.384
Ateles belzebuth,371648.9552,9929992.538
Ateles belzebuth,371657.859,9929990.329
Ateles belzebuth,371646.7289,9929994.748
Ateles belzebuth,371643.3914,9929989.22
Ateles belzebuth,371643.3902,9929994.748
Ateles belzebuth,371628.9303,9929959.367
Ateles belzebuth,371643.3902,9929994.748
Ateles belzebuth,371641.1661,9929987.008
Ateles belzebuth,371630.035,9929995.85
Ateles belzebuth,371628.9271,9929973.739
Ateles belzebuth,371641.1654,9929990.325
Ateles belzebuth,371665.6444,9930012.441
Ateles belzebuth,371646.7289,9929994.748
Ateles belzebuth,371635.5996,9929995.851
Ateles belzebuth,371618.9013,9930016.853
Ateles belzebuth,371667.871,9930009.125
Ateles belzebuth,371646.7275,9930001.381
Ateles belzebuth,371637.8212,9930014.646
Ateles belzebuth,371660.0861,9929984.802
Ateles belzebuth,371632.2542,9930025.7
Ateles belzebuth,371448.6303,9929998.021
Ateles belzebuth,371482.0218,9929979.234
Ateles belzebuth,371279.4396,9930125.119
Ateles belzebuth,371246.054,9930117.373
Ateles belzebuth,371239.3785,9930108.527
Ateles belzebuth,371173.7156,9930114.04
Ateles belzebuth,371150.337,9930147.201
Ateles belzebuth,371140.3115,9930189.209
Ateles belzebuth,371125.8436,9930189.205
Ateles belzebuth,371095.795,9930189.199
Ateles belzebuth,371000.0797,9930211.288
Ateles belzebuth,370995.6258,9930221.237
Ateles belzebuth,370995.6054,9930312.996
Ateles belzebuth,370922.1404,9930370.467
Ateles belzebuth,370953.2737,9930497.61
Ateles belzebuth,370981.0798,9930572.792
Ateles belzebuth,371050.0713,9930613.712
Ateles belzebuth,371086.7959,9930620.353
Ateles belzebuth,371151.3436,9930625.895
Ateles belzebuth,371198.0862,9930624.8
Ateles belzebuth,371228.1446,9930580.585
Ateles belzebuth,371233.7091,9930580.587
Ateles belzebuth,371194.7626,9930556.256
Ateles belzebuth,371217.0179,9930569.528
Ateles belzebuth,371225.92,9930575.057
Ateles belzebuth,371218.1179,9930628.121
Ateles belzebuth,371214.784,9930606.009
Ateles belzebuth,371237.0435,9930600.487
Ateles belzebuth,371253.7352,9930609.335
Ateles belzebuth,371209.204,9930675.657
Ateles belzebuth,371270.4125,9930683.409
Ateles belzebuth,371309.36,9930703.317
Ateles belzebuth,371267.0701,9930699.991
Ateles belzebuth,371333.8443,9930702.217
Ateles belzebuth,371333.8489,9930681.212
Ateles belzebuth,371278.1963,9930713.26
Ateles belzebuth,371300.4557,9930707.737
Ateles belzebuth,371300.4555,9930708.843
Ateles belzebuth,371290.4412,9930699.996
Ateles belzebuth,371301.5708,9930697.788
Ateles belzebuth,371300.4545,9930713.265
Ateles belzebuth,371303.7937,9930711.054
Ateles belzebuth,371312.699,9930702.212
Ateles belzebuth,371346.0861,9930703.325
Ateles belzebuth,371350.5409,9930688.954
Ateles belzebuth,371370.5775,9930670.165
Ateles belzebuth,371387.2699,9930675.696
Ateles belzebuth,371385.0443,9930674.59
Ateles belzebuth,371381.7019,9930691.172
Ateles belzebuth,371357.2225,9930670.162
Ateles belzebuth,371373.914,9930680.115
Ateles belzebuth,371376.1374,9930691.171
Ateles belzebuth,371370.5775,9930670.165
Ateles belzebuth,371379.4773,9930685.644
Ateles belzebuth,371378.3669,9930674.588
Ateles belzebuth,371378.3649,9930683.433
Ateles belzebuth,371370.5721,9930694.486
Ateles belzebuth,371370.5762,9930675.692
Ateles belzebuth,371379.4807,9930670.167
Ateles belzebuth,371381.7,9930700.016
Ateles belzebuth,371378.3551,9930727.654
Ateles belzebuth,371357.2123,9930716.594
Ateles belzebuth,371346.0888,9930691.164
Ateles belzebuth,371348.3121,9930702.22
Ateles belzebuth,371357.2196,9930683.428
Ateles belzebuth,371359.443,9930694.484
Ateles belzebuth,371351.6558,9930680.11
Ateles belzebuth,371359.4435,9930692.273
Ateles belzebuth,371426.2213,9930677.916
Ateles belzebuth,371439.5843,9930641.436
Ateles belzebuth,371418.45,9930591.683
Ateles belzebuth,371428.4637,9930602.74
Ateles belzebuth,371439.5953,9930591.687
Ateles belzebuth,371440.7111,9930578.421
Ateles belzebuth,371422.9026,9930587.262
Ateles belzebuth,371398.4181,9930589.467
Ateles belzebuth,371434.032,9930586.158
Ateles belzebuth,371424.0175,9930578.418
Ateles belzebuth,371422.9026,9930587.262
Ateles belzebuth,371411.7735,9930587.259
Ateles belzebuth,371462.9701,9930575.11
Ateles belzebuth,371446.2708,9930600.533
Ateles belzebuth,371457.4019,9930591.691
Ateles belzebuth,371440.7075,9930595.004
Ateles belzebuth,371445.1591,9930595.005
Ateles belzebuth,371412.883,9930602.737
Ateles belzebuth,371434.0312,9930589.475
Ateles belzebuth,371450.7244,9930591.69
Ateles belzebuth,371446.272,9930595.005
Ateles belzebuth,371435.1434,9930592.792
Ateles belzebuth,371439.6011,9930565.155
Ateles belzebuth,371429.5825,9930576.208
Ateles belzebuth,371428.4679,9930583.946
Ateles belzebuth,371431.8042,9930595.002
Ateles belzebuth,371434.0337,9930578.42
Ateles belzebuth,371437.3707,9930586.159
Ateles belzebuth,371431.8074,9930580.63
Ateles belzebuth,371431.8047,9930592.791
Ateles belzebuth,371465.1957,9930576.216
Ateles belzebuth,371457.4055,9930575.108
Ateles belzebuth,371446.2786,9930565.156
Ateles belzebuth,371437.3736,9930572.893
Ateles belzebuth,371428.4662,9930591.685
Ateles belzebuth,371437.3707,9930586.159
Ateles belzebuth,371451.8402,9930578.424
Ateles belzebuth,371445.1623,9930580.633
Ateles belzebuth,371328.3917,9930196.989
Ateles belzebuth,371342.8583,9930202.52
Ateles belzebuth,371311.6961,9930205.83
Ateles belzebuth,371367.3374,9930224.636
Ateles belzebuth,371387.3728,9930211.374
Ateles belzebuth,371370.6749,9930230.164
Ateles belzebuth,371389.5834,9930279.917
Ateles belzebuth,371401.8237,9930287.659
Ateles belzebuth,371396.2527,9930316.401
Ateles belzebuth,371385.1079,9930387.153
Ateles belzebuth,371331.6833,9930409.251
Ateles belzebuth,371300.5252,9930393.767
Ateles belzebuth,371284.9428,9930401.502
Ateles belzebuth,371292.7275,9930426.931
Ateles belzebuth,371276.0314,9930437.983
Ateles belzebuth,371284.9347,9930437.985
Ateles belzebuth,371290.498,9930443.514
Ateles belzebuth,371290.4992,9930437.986
Ateles belzebuth,371257.1114,9930440.19
Ateles belzebuth,371294.9504,9930440.198
Ateles belzebuth,371284.9322,9930449.04
Ateles belzebuth,371245.9597,9930541.896
Ateles belzebuth,371231.4894,9930552.948
Ateles belzebuth,371237.054,9930552.949
Ateles belzebuth,371244.8432,9930558.478
Ateles belzebuth,371237.0501,9930570.637
Ateles belzebuth,371233.7126,9930565.109
Ateles belzebuth,371209.2231,9930589.425
Ateles belzebuth,371229.2599,9930569.53
Ateles belzebuth,371234.8257,9930564.004
Ateles belzebuth,371209.2322,9930548.521
Ateles belzebuth,371217.0201,9930559.578
Ateles belzebuth,371245.9573,9930552.951
Ateles belzebuth,371211.4605,9930537.466
Ateles belzebuth,371217.0208,9930556.261
Ateles belzebuth,371233.7121,9930567.32
Ateles belzebuth,371220.3584,9930561.79
Ateles belzebuth,371234.8304,9930542.999
Ateles belzebuth,371250.4058,9930567.324
Ateles belzebuth,371251.524,9930543.002
Ateles belzebuth,371234.8291,9930548.526
Ateles belzebuth,371228.15,9930556.264
Ateles belzebuth,371220.3603,9930552.945
Ateles belzebuth,371203.6659,9930556.258
Ateles belzebuth,371205.8815,9930602.691
Ateles belzebuth,371211.4556,9930559.577
Ateles belzebuth,371209.231,9930554.048
Ateles belzebuth,371229.2612,9930564.003
Ateles belzebuth,371228.1512,9930550.736
Ateles belzebuth,371211.4551,9930561.788
Ateles belzebuth,371239.2786,9930558.477
Ateles belzebuth,371218.1343,9930554.05
Ateles belzebuth,371242.6122,9930581.694
Ateles belzebuth,371207.0046,9930556.259
Ateles belzebuth,371218.1333,9930558.472
Ateles belzebuth,371190.308,9930569.522
Ateles belzebuth,371203.6684,9930545.203
Ateles belzebuth,371189.1944,9930572.838
Ateles belzebuth,371207.0059,9930550.731
Ateles belzebuth,371209.2305,9930556.259
Ateles belzebuth,371200.3259,9930561.785
Ateles belzebuth,371203.6684,9930545.203
Ateles belzebuth,371203.6684,9930545.203
Ateles belzebuth,371207.0051,9930554.048
Ateles belzebuth,371218.1382,9930536.362
Ateles belzebuth,371220.3584,9930561.79
Ateles belzebuth,371201.4376,9930567.313
Ateles belzebuth,371228.1524,9930545.208
Ateles belzebuth,371189.1998,9930548.516
Ateles belzebuth,371209.2292,9930561.787
Ateles belzebuth,371209.2346,9930537.465
Ateles belzebuth,371240.3859,9930583.905
Ateles belzebuth,371089.0316,9930576.132
Ateles belzebuth,371020.0298,9930581.645
Ateles belzebuth,370938.7896,9930570.571
Ateles belzebuth,370988.8695,9930576.11
Ateles belzebuth,371089.0294,9930586.082
Ateles belzebuth,371070.1157,9930559.545
Ateles belzebuth,371067.8894,9930561.756
Ateles belzebuth,371027.8241,9930563.958
Ateles belzebuth,370964.3891,9930559.522
Ateles belzebuth,370973.296,9930542.941
Ateles belzebuth,370961.054,9930542.938
Ateles belzebuth,371239.3068,9930431.341
Ateles belzebuth,371262.6809,9930418.08
Ateles belzebuth,371314.9894,9930410.353
Ateles belzebuth,371301.6389,9930390.451
Ateles belzebuth,371312.7685,9930388.242
Ateles belzebuth,371384.0009,9930360.62
Ateles belzebuth,371348.3897,9930351.767
Ateles belzebuth,371345.0603,9930309.757
Ateles belzebuth,371309.4558,9930271.055
Ateles belzebuth,371214.8637,9930246.713
Ateles belzebuth,371184.8237,9930208.012
Ateles belzebuth,371168.1387,9930169.315
Ateles belzebuth,371125.8547,9930139.456
Ateles belzebuth,371122.515,9930143.878
Ateles belzebuth,371101.369,9930147.19
Ateles belzebuth,371025.6947,9930130.59
Ateles belzebuth,371016.8032,9930077.522
Ateles belzebuth,370988.9777,9930089.677
Ateles belzebuth,370950.0308,9930067.558
Ateles belzebuth,370925.5457,9930071.974
Ateles belzebuth,370912.1846,9930099.61
Ateles belzebuth,370923.3179,9930080.818
Ateles belzebuth,370914.4126,9930089.66
Ateles belzebuth,370895.4934,9930088.551
Ateles belzebuth,371423.0563,9929895.201
Ateles belzebuth,371426.3886,9929923.945
Ateles belzebuth,371434.1768,9929933.897
Ateles belzebuth,371445.2958,9929979.226
Ateles belzebuth,371435.2848,9929956.008
Ateles belzebuth,371426.3795,9929964.85
Ateles belzebuth,371435.2816,9929970.38
Ateles belzebuth,371434.1667,9929979.224
Ateles belzebuth,371423.0378,9929978.116
Ateles belzebuth,371435.284,9929959.324
Ateles belzebuth,371465.3296,9929972.597
Ateles belzebuth,371448.6357,9929973.699
Ateles belzebuth,371448.6377,9929964.855
Ateles belzebuth,371440.8478,9929962.642
Ateles belzebuth,371440.8456,9929972.592
Ateles belzebuth,371439.7332,9929970.381
Ateles belzebuth,371437.5074,9929970.38
Ateles belzebuth,371437.5086,9929964.852
Ateles belzebuth,371439.7339,9929967.064
Ateles belzebuth,371328.4077,9930125.13
Ateles belzebuth,371298.3603,9930119.595
Ateles belzebuth,371259.4043,9930138.381
Ateles belzebuth,371256.0665,9930133.958
Ateles belzebuth,371240.489,9930119.582
Ateles belzebuth,371220.4438,9930177.066
Ateles belzebuth,371223.7875,9930154.956
Ateles belzebuth,371200.4156,9930158.267
Ateles belzebuth,371184.8245,9930204.696
Ateles belzebuth,371175.9086,9930261.076
Ateles belzebuth,371223.767,9930246.715
Ateles belzebuth,371214.8605,9930261.084
Ateles belzebuth,371225.9887,9930265.509
Ateles belzebuth,371231.5532,9930265.51
Ateles belzebuth,371225.9867,9930274.353
Ateles belzebuth,371257.1438,9930294.26
Ateles belzebuth,371298.3259,9930274.369
Ateles belzebuth,371309.4563,9930268.844
Ateles belzebuth,371279.4089,9930263.31
Ateles belzebuth,371306.1232,9930243.416
Ateles belzebuth,371326.1492,9930272.165
Ateles belzebuth,371351.7486,9930261.115
Ateles belzebuth,371348.4008,9930302.019
Ateles belzebuth,371407.3759,9930342.936
Ateles belzebuth,371346.1529,9930401.516
Ateles belzebuth,371331.6796,9930425.834
Ateles belzebuth,371340.5871,9930407.042
Ateles belzebuth,371348.3787,9930401.516
Ateles belzebuth,371298.2874,9930447.937
Ateles belzebuth,371261.5491,9930503.206
Ateles belzebuth,371181.4084,9930552.937
Ateles belzebuth,371079.0117,9930592.713
Ateles belzebuth,371023.3582,9930628.078
Ateles belzebuth,370964.3623,9930680.024
Ateles belzebuth,370933.205,9930661.224
Ateles belzebuth,370927.6245,9930733.082
Ateles belzebuth,370834.139,9930736.378
Ateles belzebuth,370845.2709,9930724.219
Ateles belzebuth,370877.5495,9930705.432
Ateles belzebuth,370934.3135,9930681.123
Ateles belzebuth,370972.1623,9930636.911
Ateles belzebuth,370988.853,9930650.181
Ateles belzebuth,371346.1438,9930442.42
Ateles belzebuth,371373.9646,9930451.271
Ateles belzebuth,371389.5449,9930453.485
Ateles belzebuth,371395.1124,9930440.22
Ateles belzebuth,371392.8848,9930447.958
Ateles belzebuth,371401.7898,9930440.222
Ateles belzebuth,371400.6745,9930451.277
Ateles belzebuth,371400.6777,9930436.905
Ateles belzebuth,371401.7891,9930443.538
Ateles belzebuth,371396.2245,9930443.537
Ateles belzebuth,371389.5449,9930453.485
Ateles belzebuth,371379.525,9930470.066
Ateles belzebuth,371367.2835,9930467.852
Ateles belzebuth,371392.9671,9930077.606
Ateles belzebuth,371424.1372,9930038.92
Ateles belzebuth,371440.8436,9929981.436
Ateles belzebuth,371459.7668,9929964.857
Ateles belzebuth,371435.2821,9929968.169
Ateles belzebuth,371440.8466,9929968.17
Ateles belzebuth,371424.1537,9929964.849
Ateles belzebuth,371439.7258,9930003.546
Ateles belzebuth,371404.1102,9930014.594
Ateles belzebuth,371424.1382,9930034.498
Ateles belzebuth,371417.4614,9930031.18
Ateles belzebuth,371448.6237,9930027.87
Ateles belzebuth,371429.7042,9930027.866
Ateles belzebuth,371435.2729,9930009.073
Ateles belzebuth,371434.1558,9930027.867
Ateles belzebuth,371424.1394,9930028.97
Ateles belzebuth,371435.2717,9930014.601
Ateles belzebuth,371415.2553,9929942.737
Ateles belzebuth,371431.9497,9929939.424
Ateles belzebuth,371228.2125,9930274.354
Ateles belzebuth,371248.2479,9930261.092
Ateles belzebuth,371239.3424,9930271.04
Ateles belzebuth,371242.6791,9930279.885
Ateles belzebuth,371239.3483,9930244.507
Ateles belzebuth,371222.6406,9930307.518
Ateles belzebuth,371257.1512,9930261.094
Ateles belzebuth,371201.5071,9930254.448
Ateles belzebuth,371231.553,9930266.616
Ateles belzebuth,371200.388,9930282.086
Ateles belzebuth,371223.7641,9930259.981
Ateles belzebuth,371214.8632,9930248.924
Ateles belzebuth,371205.9575,9930259.977
Ateles belzebuth,371214.862,9930254.451
Ateles belzebuth,371212.635,9930259.978
Ateles belzebuth,371225.9899,9930259.981
Ateles belzebuth,371218.2032,9930243.397
Ateles belzebuth,371209.3016,9930235.656
Ateles belzebuth,371225.9916,9930252.243
Ateles belzebuth,371225.9892,9930263.298
Ateles belzebuth,371211.5193,9930272.139
Ateles belzebuth,371183.7015,9930250.022
Ateles belzebuth,371233.7788,9930266.616
Ateles belzebuth,371229.3308,9930250.032
Ateles belzebuth,371246.0198,9930271.041
Ateles belzebuth,371222.6524,9930254.453
Ateles belzebuth,371256.0385,9930259.988
Ateles belzebuth,371228.2138,9930268.826
Ateles belzebuth,371223.7626,9930266.614
Ateles belzebuth,371231.552,9930271.038
Ateles belzebuth,371240.4558,9930268.829
Ateles belzebuth,371205.9673,9930215.756
Ateles belzebuth,371187.0545,9930185.902
Ateles belzebuth,371194.8461,9930180.376
Ateles belzebuth,371223.7825,9930177.066
Ateles belzebuth,371229.3555,9930139.48
Ateles belzebuth,371704.6327,9929848.832
Ateles belzebuth,371676.8092,9929852.142
Ateles belzebuth,371738.0298,9929804.618
Ateles belzebuth,371746.9437,9929757.082
Ateles belzebuth,371779.2266,9929718.396
Ateles belzebuth,371782.5622,9929732.769
Ateles belzebuth,371762.5291,9929736.081
Ateles belzebuth,371738.0476,9929725.02
Ateles belzebuth,371723.5958,9929653.158
Ateles belzebuth,371916.0207,9930139.632
Ateles belzebuth,371971.671,9930117.534
Ateles belzebuth,372032.8773,9930134.13
Ateles belzebuth,372133.0593,9930042.394
Ateles belzebuth,372130.8389,9930018.072
Ateles belzebuth,372285.5391,9929990.468
Ateles belzebuth,372279.9807,9929962.829
Ateles belzebuth,372272.1886,9929970.566
Ateles belzebuth,372252.1607,9929950.662
Ateles belzebuth,372257.724,9929956.191
Ateles belzebuth,372266.6282,9929951.77
Ateles belzebuth,372236.5739,9929978.296
Ateles belzebuth,372274.4176,9929956.194
Ateles belzebuth,372268.8516,9929962.826
Ateles belzebuth,372236.5719,9929987.141
Ateles belzebuth,372296.6733,9929967.254
Ateles belzebuth,372266.6236,9929972.775
Ateles belzebuth,372300.0132,9929961.728
Ateles belzebuth,372285.5447,9929965.041
Ateles belzebuth,372288.8829,9929967.253
Ateles belzebuth,372325.602,9929998.216
Ateles belzebuth,372308.9096,9929992.684
Ateles belzebuth,372264.3975,9929973.88
Ateles belzebuth,372202.0759,9929968.339
Ateles belzebuth,372136.4169,9929957.269
Ateles belzebuth,372124.1602,9930023.598
Ateles belzebuth,372125.2706,9930034.653
Ateles belzebuth,372147.5271,9930042.397
Ateles belzebuth,372085.1937,9930089.921
Ateles belzebuth,372032.8956,9930051.216
Ateles belzebuth,371982.8285,9929989.295
Ateles belzebuth,371745.8177,9929815.675
Ateles belzebuth,371760.3065,9929721.708
Ateles belzebuth,371708.0059,9929694.059
Ateles belzebuth,371695.7659,9929685.212
Ateles belzebuth,371687.9785,9929671.944
Ateles belzebuth,371674.6273,9929655.358
Ateles belzebuth,371691.3252,9929636.567
Ateles belzebuth,371719.1518,9929618.885
Ateles belzebuth,371712.4719,9929629.939
Ateles belzebuth,371713.5809,9929647.628
Ateles belzebuth,371718.0325,9929647.629
Ateles belzebuth,371669.0633,9929653.145
Ateles belzebuth,371079.1683,9929889.596
Ateles belzebuth,371134.8361,9929790.111
Ateles belzebuth,371131.5036,9929762.472
Ateles belzebuth,371105.8712,9929920.557
Ateles belzebuth,371167.0734,9929955.948
Ateles belzebuth,371137.0172,9929990.213
Ateles belzebuth,371129.2226,9930009.005
Ateles belzebuth,371103.615,9930056.537
Ateles belzebuth,371066.886,9930069.795
Ateles belzebuth,371042.3945,9930102.955
Ateles belzebuth,371029.0366,9930116.219
Ateles belzebuth,371001.2111,9930128.373
Ateles belzebuth,371006.7727,9930141.641
Ateles belzebuth,371005.6591,9930144.957
Ateles belzebuth,371014.5606,9930152.698
Ateles belzebuth,370972.2794,9930110.678
Ateles belzebuth,370983.4097,9930105.153
Ateles belzebuth,370981.1856,9930097.414
Ateles belzebuth,370986.7494,9930100.732
Ateles belzebuth,370919.9799,9930077.501
Ateles belzebuth,370823.1613,9930056.474
Ateles belzebuth,370771.9648,9930067.518
Ateles belzebuth,370780.8701,9930058.676
Ateles belzebuth,370783.0947,9930064.204
Ateles belzebuth,370745.2549,9930067.512
Ateles belzebuth,370783.0984,9930047.621
Ateles belzebuth,370805.35,9930077.475
Ateles belzebuth,370828.7122,9930117.28
Ateles belzebuth,370786.4045,9930193.552
Ateles belzebuth,370806.4318,9930216.772
Ateles belzebuth,370883.2173,9930241.111
Ateles belzebuth,370847.5863,9930320.701
Ateles belzebuth,370869.8242,9930412.465
Ateles belzebuth,370880.9479,9930436.789
Ateles belzebuth,370897.6487,9930404.733
Ateles belzebuth,370894.3087,9930410.26
Ateles belzebuth,370883.1786,9930414.679
Ateles belzebuth,370880.9553,9930403.623
Ateles belzebuth,370886.5183,9930410.258
Ateles belzebuth,370889.8571,9930410.259
Ateles belzebuth,370897.6494,9930401.416
Ateles belzebuth,370905.4366,9930415.79
Ateles belzebuth,370922.1311,9930412.477
Ateles belzebuth,370878.7336,9930384.829
Ateles belzebuth,370917.6814,9930403.632
Ateles belzebuth,370875.3863,9930423.522
Ateles belzebuth,370853.128,9930423.517
Ateles belzebuth,370873.1622,9930415.783
Ateles belzebuth,370877.6146,9930412.467
Ateles belzebuth,370866.4849,9930414.676
Ateles belzebuth,370849.7826,9930453.365
Ateles belzebuth,370842.0058,9930392.56
Ateles belzebuth,370847.5701,9930393.666
Ateles belzebuth,370864.2662,9930382.615
Ateles belzebuth,370844.2353,9930375.977
Ateles belzebuth,370836.4442,9930379.292
Ateles belzebuth,370842.0095,9930375.977
Ateles belzebuth,370825.3126,9930390.345
Ateles belzebuth,370830.8776,9930388.135
Ateles belzebuth,370850.9108,9930384.823
Ateles belzebuth,370850.9046,9930412.461
Ateles belzebuth,370842.0031,9930404.72
Ateles belzebuth,370828.641,9930436.778
Ateles belzebuth,371050.2212,9929940.444
Ateles belzebuth,371075.8256,9929907.284
Ateles belzebuth,371089.183,9929896.232
Ateles belzebuth,371055.7885,9929928.285
Ateles belzebuth,371047.9994,9929922.755
Ateles belzebuth,371075.8338,9929870.802
Ateles belzebuth,371078.0571,9929881.857
Ateles belzebuth,371098.0927,9929867.49
Ateles belzebuth,371094.7636,9929824.374
Ateles belzebuth,371098.1086,9929796.736
Ateles belzebuth,371078.0737,9929807.787
Ateles belzebuth,371133.7254,9929780.161
Ateles belzebuth,371157.0973,9929776.85
Ateles belzebuth,371454.1855,9930040.032
Ateles belzebuth,371445.2694,9930097.518
Ateles belzebuth,371378.4869,9930132.88
Ateles belzebuth,371345.0915,9930169.355
Ateles belzebuth,371328.3806,9930246.738
Ateles belzebuth,371294.983,9930293.163
Ateles belzebuth,371311.6816,9930271.056
Ateles belzebuth,371306.1146,9930282.11
Ateles belzebuth,371292.7626,9930268.841
Ateles belzebuth,371292.7631,9930266.629
Ateles belzebuth,371311.6816,9930271.056
Ateles belzebuth,371268.2754,9930283.207
Ateles belzebuth,371306.1156,9930277.688
Ateles belzebuth,371220.419,9930288.724
Ateles belzebuth,371203.7182,9930320.781
Ateles belzebuth,371211.4899,9930404.802
Ateles belzebuth,371205.9248,9930407.012
Ateles belzebuth,371195.903,9930432.437
Ateles belzebuth,371168.0804,9930431.326
Ateles belzebuth,371170.3038,9930442.381
Ateles belzebuth,371136.9199,9930426.897
Ateles belzebuth,371086.8342,9930447.89
Ateles belzebuth,371031.1847,9930465.567
Ateles belzebuth,370914.3178,9930515.289
Ateles belzebuth,370894.2861,9930511.968
Ateles belzebuth,370880.9282,9930525.232
Ateles belzebuth,370894.2832,9930525.235
Ateles belzebuth,370928.7955,9930471.071
Ateles belzebuth,370897.6391,9930447.848
Ateles belzebuth,370919.8974,9930447.853
Ateles belzebuth,370919.9003,9930434.587
Ateles belzebuth,370903.2037,9930447.85
Ateles belzebuth,370899.8647,9930448.954
Ateles belzebuth,370900.9813,9930432.372
Ateles belzebuth,370919.8974,9930447.853
Ateles belzebuth,370922.1232,9930447.854
Ateles belzebuth,370905.4293,9930448.956
Ateles belzebuth,370905.4295,9930447.85
Ateles belzebuth,370956.619,9930467.761
Ateles belzebuth,370919.8912,9930475.492
Ateles belzebuth,370955.4909,9930536.304
Ateles belzebuth,370962.1669,9930542.938
Ateles belzebuth,370966.6021,9930617.01
Ateles belzebuth,371045.6202,9930611.5
Ateles belzebuth,371077.8878,9930642.462
Ateles belzebuth,371079.0002,9930644.673
Ateles belzebuth,371086.7888,9930652.413
Ateles belzebuth,371086.7869,9930661.258
Ateles belzebuth,371086.7888,9930652.413
Ateles belzebuth,371075.6607,9930647.989
Ateles belzebuth,371086.7898,9930647.991
Ateles belzebuth,371078.9945,9930670.1
Ateles belzebuth,371075.6578,9930661.255
Ateles belzebuth,371103.4825,9930652.417
Ateles belzebuth,371081.2228,9930659.045
Ateles belzebuth,371083.4506,9930650.202
Ateles belzebuth,371090.131,9930636.937
Ateles belzebuth,371095.6882,9930670.104
Ateles belzebuth,371109.0459,9930657.946
Ateles belzebuth,371092.349,9930672.314
Ateles belzebuth,371131.3083,9930639.157
Ateles belzebuth,371168.0461,9930586.1
Ateles belzebuth,371283.7821,9930617.08
Ateles belzebuth,371340.5315,9930657.997
Ateles belzebuth,371344.9795,9930674.581
Ateles belzebuth,371387.2682,9930683.435
Ateles belzebuth,371415.0959,9930661.33
Ateles belzebuth,371457.3914,9930639.229
Ateles belzebuth,371457.397,9930613.802
Ateles belzebuth,371501.9188,9930589.49
Ateles belzebuth,371500.8066,9930586.173
Ateles belzebuth,371534.1951,9930580.653
Ateles belzebuth,371568.6951,9930581.766
Ateles belzebuth,371623.2277,9930581.778
Ateles belzebuth,371726.7457,9930503.309
Ateles belzebuth,371749.0075,9930486.731
Ateles belzebuth,371754.5867,9930420.4
Ateles belzebuth,371754.5836,9930434.772
Ateles belzebuth,371779.0854,9930354.074
Ateles belzebuth,371834.7411,9930307.654
Ateles belzebuth,371830.2907,9930302.126
Ateles belzebuth,371838.0767,9930322.027
Ateles belzebuth,371824.7279,9930294.386
Ateles belzebuth,371826.9496,9930313.18
Ateles belzebuth,371450.8537,9930009.077
Ateles belzebuth,371459.7569,9930009.079
Ateles belzebuth,371482.0156,9930006.872
Ateles belzebuth,371543.2247,9930011.308
Ateles belzebuth,371574.3824,9930027.898
Ateles belzebuth,371556.5781,9930017.944
Ateles belzebuth,371601.092,9930029.009
Ateles belzebuth,371587.7334,9930045.589
Ateles belzebuth,371612.2285,9929995.846
Ateles belzebuth,371520.9675,9930006.881
Ateles belzebuth,371515.4111,9929970.397
Ateles belzebuth,371495.3779,9929973.71
Ateles belzebuth,371528.7677,9929962.662
Ateles belzebuth,371451.9735,9929978.122
Ateles belzebuth,371417.4767,9929962.637
Ateles belzebuth,371370.753,9929879.712
Ateles belzebuth,371339.6004,9929839.906
Ateles belzebuth,371357.4105,9929824.432
Ateles belzebuth,371452.0414,9929674.102
Ateles belzebuth,371385.2817,9929607.755
Ateles belzebuth,371406.4195,9929640.926
Ateles belzebuth,371493.2215,9929663.056
Ateles belzebuth,371467.6209,9929679.633
Ateles belzebuth,371463.1759,9929649.783
Ateles belzebuth,371501.0255,9929602.253
Ateles belzebuth,371462.0724,9929607.772
Ateles belzebuth,371463.1851,9929608.878
Ateles belzebuth,371470.9762,9929605.563
Ateles belzebuth,371457.6208,9929607.771
Ateles belzebuth,371467.638,9929603.351
Ateles belzebuth,371426.4618,9929596.709
Ateles belzebuth,371396.413,9929597.808
Ateles belzebuth,371348.5641,9929570.159
Ateles belzebuth,371376.3906,9929553.582
Ateles belzebuth,371348.5656,9929563.526
Ateles belzebuth,371363.0347,9929558.001
Ateles belzebuth,371351.9031,9929569.054